子弹ID,子弹描述,类型,速度,子弹资源,子弹动作配表,头顶icon,基准角,发射数量,播放间隔,震屏,震屏延迟,浮空,打断,x缩放,y缩放,开始特效x,开始特效y,相对x1,相对y1,相对x2,相对y2,相对x3,相对y3,相对x4,相对y4,相对x5,相对y5
,,,,,,,,,,,,,,,,,,,,,,,,,,,
,策划看,1=自身攻击（瞬发），2=单体攻击，3=x轴直线飞行，4=抛物线飞行，5=y轴纵向攻击&没有位移，6=y轴纵向攻击&有位移，7=全屏（大范围）8=2点连接效果 9=抛物线飞行以取受击中心（一排与2排），10=直线飞行打位置中心,只针对类型=3、4，水平方向上有位移的子弹；飞行速度单位：像素/s；默认空=0=水平方向上没有速度,PNG和plist,对不同阶段的子弹资源拆帧,,资源旋转，正数角度为顺时针旋转，负数角度为逆时针旋转,有几组特效,每组特效播放的间隔时间，单位毫秒。0或空代表一起播放,1=屏震，默认=0=不屏震,毫秒，从持续特效开始播放时开始即时，默认0毫秒,,0=默认=不打断，1=打断,水平方向缩放0.8,垂直方向缩放0.8,开始特效相对x调整,开始特效相对y调整,类型=1、3、4，相对于技能施放者中心点的x轴坐标；类型=2、5、6、7，相对于作用目标中心点的x轴坐标；,类型=1、3、4，相对于技能施放者中心点的x轴坐标；类型=2、5、6、7，相对于作用目标中心点的x轴坐标；,,,,,,,,
,,,,,,,,,,,,,,,,,,,,,,,,,,,
3,弓兵普攻,4,600,resource/skill_pic/attack_Gong,csv/bullet_act/attack_Gong.csv,,0,1,,,,,,,,,,0,0,,,,,,,,
4,军师普攻,3,600,resource/skill_pic/line_light3,csv/bullet_act/line_light.csv,,0,1,,,,,,,,,,0,0,,,,,,,,
,,,,,,,,,,,,,,,,,,,,,,,,,,,
11,受击_橙色,2,,resource/skill_pic/hit_orange,csv/bullet_act/hit_orange.csv,,0,1,,,,,,,,,,0,0,,,,,,,,
13,受击_蓝色,2,,resource/skill_pic/hit_blue,csv/bullet_act/hit_orange.csv,,0,1,,,,,,,,,,0,0,,,,,,,,
15,通用空特效,2,,resource/skill_pic/null,csv/bullet_act/null.csv,,0,1,,,,,,,,,,0,0,,,,,,,,
,,,,,,,,,,,,,,,,,,,,,,,,,,,
21,BUFF_加血,2,,resource/skill_pic/buff_hp,csv/bullet_act/buff_general.csv,,0,1,,,,,,,,,,0,50,,,,,,,,
22,BUFF_加攻,2,,resource/skill_pic/buff_atk,csv/bullet_act/buff_general.csv,,0,1,,,,,,,,,,0,50,,,,,,,,
23,BUFF_加防,2,,resource/skill_pic/buff_def,csv/bullet_act/buff_general.csv,,0,1,,,,,,,,,,0,50,,,,,,,,
24,DEBUFF_中毒,2,,resource/skill_pic/debuff_hp,csv/bullet_act/debuff_general.csv,,0,1,,,,,,,,,,0,50,,,,,,,,
25,DEBUFF_降攻,2,,resource/skill_pic/debuff_atk,csv/bullet_act/debuff_general.csv,,0,1,,,,,,,,,,0,50,,,,,,,,
26,DEBUFF_降防,2,,resource/skill_pic/debuff_def,csv/bullet_act/debuff_general.csv,,0,1,,,,,,120,120,,,0,30,,,,,,,,
27,DEBUFF_流血,2,,resource/skill_pic/buff_liuxue,csv/bullet_act/buff_liuxue.csv,,0,1,,,,,,130,130,,,40,40,,,,,,,,
,,,,,,,,,,,,,,,,,,,,,,,,,,,
32,直线_刀光,3,1000,resource/skill_pic/line_sword,csv/bullet_act/line_sword.csv,,0,1,,1,,,,150,150,,,,,,,,,,,,
33,直线_斧头,3,600,resource/skill_pic/line_axe,csv/bullet_act/line_axe.csv,,0,1,,,,,,,,,,0,0,,,,,,,,
,,,,,,,,,,,,,,,,,,,,,,,,,,,
,,,,,,,,,,,,,,,,,,,,,,,,,,,
51,单体_火箭,2,,resource/skill_pic/fall_arrow,csv/bullet_act/fall_arrow.csv,,0,1,,,,,,120,120,,,-30,65,,,,,,,,
52,单体_火,2,,resource/skill_pic/fall_fire,csv/bullet_act/fall_fire.csv,,0,1,,,,,,150,150,,,-65,80,,,,,,,,
53,单体_冰,2,,resource/skill_pic/fall_ice,csv/bullet_act/fall_ice.csv,,0,1,,1,100,,,0,0,,,-30,17,,,,,,,,
54,单体_剑,2,,resource/skill_pic/fall_sword,csv/bullet_act/fall_sword.csv,,0,1,,,,,,110,110,,,10,90,,,,,,,,
56,单体_天雷,2,,resource/skill_pic/fall_thunder,csv/bullet_act/fall_thunder.csv,,0,1,,,,,,100,100,,,0,120,,,,,,,,
57,单体_天石,2,,resource/skill_pic/fall_stone,csv/bullet_act/fall_stone.csv,,0,1,,1,500,,,150,150,,,0,120,,,,,,,,
,,,,,,,,,,,,,,,,,,,,,,,,,,,
61,抛物线_火箭,4,600,resource/skill_pic/curve_arrow,csv/bullet_act/curve_arrow.csv,,0,1,200,,,,,,,,,0,0,,,,,,,,
,,,,,,,,,,,,,,,,,,,,,,,,,,,
,,,,,,,,,,,,,,,,,,,,,,,,,,,
100,attack2脚底光圈,1,,resource/skill_pic/attack2_halo,csv/bullet_act/attack2_halo.csv,,,,,,,,,,,,,0,60,,,,,,,,
,,,,,,,,,,,,,,,,,,,,,,,,,,,
,101~200，普攻特效,,,,,,,,,,,,,,,,,,,,,,,,,,
101,浅蓝色一支箭（小乔）,3,700,resource/skill_pic/xiaoqiao_attack1,csv/bullet_act/xiaoqiao_attack1.csv,,0,1,,,,,,,,,,60,0,,,,,,,,
102,黄光小子弹（曹丕）,3,1000,resource/skill_pic/caopi_attack1,csv/bullet_act/caopi_attack1.csv,,0,1,,,,,,,,,,0,-20,,,,,,,,
103,"较大的黄色箭（曹丕,可用于打一列）",3,500,resource/skill_pic/caopi_attack2,csv/bullet_act/caopi_attack2.csv,,0,1,,,500,,,,,,,-10,0,,,,,,,,
104,快速粉色小箭（大乔）,3,1200,resource/skill_pic/daqiao_attack1,csv/bullet_act/daqiao_attack1.csv,,0,1,,,,,,,,,,120,0,,,,,,,,
105,中速粉色光箭（大乔）,3,600,resource/skill_pic/qinfeng2,csv/bullet_act/qinfeng2.csv,,0,1,,,,,,,,,,-10,0,,,,,,,,
106,孙策刀光受击,1,,resource/skill_pic/sunce_attack1,csv/bullet_act/sunce_attack1.csv,,0,1,,,,,,,,,,-10,0,,,,,,,,
107,左慈红光,3,600,resource/skill_pic/zuoci_attack1,csv/bullet_act/zuoci_attack1.csv,,0,1,,,,,,100,100,0,0,0,0,,,,,,,,
108,庞统闪电,2,,resource/skill_pic/pangtong_attack2,csv/bullet_act/pangtong_attack2.csv,,0,1,,,,,,100,100,,,0,20,,,,,,,,
109,庞统骷髅子弹,3,600,resource/skill_pic/pangtong_attack1,csv/bullet_act/pangtong_attack1.csv,,0,1,,,,,,150,150,,,0,0,,,,,,,,
110,庞统法阵子弹,3,800,resource/skill_pic/pangtong_skill,csv/bullet_act/pangtong_skill.csv,,0,1,,,,,,100,100,85,120,40,60,,,,,,,,
111,夏侯渊蓝箭全,3,600,resource/skill_pic/xiahouyuan_attack1,csv/bullet_act/xiahouyuan_attack1.csv,,0,1,,,,,,,,0,0,0,30,,,,,,,,
112,夏侯渊蓝箭本人用,3,800,resource/skill_pic/xiahouyuan_attack1,csv/bullet_act/xiahouyuan_attack1.csv,,0,1,,,,,,,,0,0,20,-10,,,,,,,,
113,夏侯渊小冰箭全,3,600,resource/skill_pic/xiahouyuan_attack2,csv/bullet_act/xiahouyuan_attack2.csv,,0,1,,,,,,,,,,0,0,,,,,,,,
114,夏侯渊小冰箭本人用,3,800,resource/skill_pic/xiahouyuan_attack2,csv/bullet_act/xiahouyuan_attack2.csv,,0,1,,,,,,,,,,0,0,,,,,,,,
115,张飞火焰光圈,7,,resource/skill_pic/zhangfei_skill,csv/bullet_act/zhangfei_skill.csv,,0,1,,1,140,,,120,120,140,85,20,60,,,,,,,,
116,张飞刀光,1,,resource/skill_pic/zhangfei_attack1,csv/bullet_act/zhangfei_attack1.csv,,0,1,,,,,,0,0,,,0,0,,,,,,,,
117,张飞刀光2,1,,resource/skill_pic/null,csv/bullet_act/null.csv,,0,1,,,,,,,,,,0,0,,,,,,,,
118,张飞刀光本人用（受击）,2,,resource/skill_pic/zhangfei_attack1,csv/bullet_act/zhangfei_attack1.csv,,0,1,,,,,,,,,,0,0,,,,,,,,
119,张飞刀光2本人用（受击）,2,,resource/skill_pic/null,csv/bullet_act/null.csv,,0,1,,,,,,,,,,0,0,,,,,,,,
120,较大的一只黄色箭（小乔）,3,600,resource/skill_pic/xiaoqiao_jian,csv/bullet_act/xiaoqiao_jian.csv,,0,1,,,,,,,,,,0,0,,,,,,,,
121,蓝黑相间的一支箭（太史慈）,3,900,resource/skill_pic/taishici_jian1,csv/bullet_act/taishici_jian1.csv,,0,1,,,,,,80,80,,,80,5,,,,,,,,
122,紫蓝相间的一只较大箭全（太史慈）,3,800,resource/skill_pic/taishici_jian2,csv/bullet_act/taishici_jian2.csv,,0,1,,,,,,,,,,0,0,,,,,,,,
123,紫蓝相间的一只较大箭（太史慈用）,3,1000,resource/skill_pic/taishici_jian2,csv/bullet_act/taishici_jian2.csv,,0,1,,,,,,100,100,,,0,0,,,,,,,,
124,凤凰大箭全（太史慈）,3,800,resource/skill_pic/taishici_fenghuang,csv/bullet_act/taishici_fenghuang.csv,,0,1,,,,,,,,,,0,0,,,,,,,,
125,凤凰大箭（太史慈）,3,800,resource/skill_pic/taishici_fenghuang,csv/bullet_act/taishici_fenghuang.csv,,0,1,,,,,1,120,120,50,80,0,45,,,,,,,,
126,小光圈子弹（祝融）,2,,resource/skill_pic/zhurongfuren_attack1,csv/bullet_act/zhurongfuren_attack1.csv,,0,1,,,,,,80,80,,,10,10,,,,,,,,
127,小石头落地（祝融）,2,,resource/skill_pic/zhurongfuren_attack2,csv/bullet_act/zhurongfuren_attack2.csv,,0,1,,,,,,150,150,,,10,-20,,,,,,,,
128,龙卷风（祝融）,2,,resource/skill_pic/zhurongfuren_skill,csv/bullet_act/zhurongfuren_skill.csv,,0,1,,,,,,100,100,0,0,0,30,,,,,,,,
129,淡黄小子弹（诸葛）,3,900,resource/skill_pic/zhugeliang_attack1,csv/bullet_act/zhugeliang_attack1.csv,,0,1,,,,,,,,,,0,0,,,,,,,,
130,绿豆子弹（诸葛）,2,,resource/skill_pic/zhugeliang_attack2,csv/bullet_act/zhugeliang_attack2.csv,,0,1,,,,,,,,,,0,0,,,,,,,,
131,小火球（周瑜）,3,800,resource/skill_pic/zhouyu_attack1,csv/bullet_act/zhouyu_attack1.csv,,0,1,,,,,,,,,,0,0,,,,,,,,
132,小闪电（周瑜）,2,,resource/skill_pic/zhouyu_attack2,csv/bullet_act/zhouyu_attack2.csv,,0,1,,,,,,,,,,0,0,,,,,,,,
133,夏侯惇受击1,2,,resource/skill_pic/xiahoudun_shouji1,csv/bullet_act/xiahoudun_shouji1.csv,,0,1,,,,,,,,,,0,0,,,,,,,,
134,夏侯惇受击2,2,,resource/skill_pic/xiahoudun_shouji2,csv/bullet_act/xiahoudun_shouji2.csv,,0,1,,,,,,,,,,0,0,,,,,,,,
135,夏侯惇攻击地刺,2,,resource/skill_pic/xiahoudun_dici,csv/bullet_act/xiahoudun_dici.csv,,0,1,,1,,1,,130,130,,,-5,-10,,,,,,,,
136,张星彩受击通用,2,,resource/skill_pic/zhangxingcai_shouji,csv/bullet_act/zhangxingcai_shouji.csv,,0,1,,,,,,,,,,0,50,,,,,,,,
137,张星彩地火,2,,resource/skill_pic/zhangxingcai_dihuo,csv/bullet_act/zhangxingcai_dihuo.csv,,0,1,100,1,,1,,130,130,78,120,0,10,,,,,,,,
138,孙权ATK1,2,,resource/skill_pic/sunquan_attack1,csv/bullet_act/sunquan_attack1.csv,,0,1,,,,,,,,,,-20,150,,,,,,,,
139,孙权黄色小箭子弹,7,,resource/skill_pic/sunquan_attack1,csv/bullet_act/sunquan_attack1.csv,,0,1,,,,,,,,,,0,0,,,,80,,,,
140,貂蝉红色小球,3,1000,resource/skill_pic/diaochan_attack1,csv/bullet_act/diaochan_attack1.csv,,0,1,,,,,,150,150,,,0,0,,,,,,,,
141,貂蝉红色拖尾小球,4,600,resource/skill_pic/diaochan_attack2,csv/bullet_act/diaochan_attack2.csv,,0,1,,,,,,,,,,0,0,,,,,,,,
142,诸葛果粉色小箭,3,1000,resource/skill_pic/zhugeguo_attack1,csv/bullet_act/zhugeguo_attack1.csv,,0,1,,,,,,150,150,,,0,0,,,,,,,,
143,诸葛果粉色小鱼人子弹,4,400,resource/skill_pic/zhugeguo_attack2,csv/bullet_act/zhugeguo_attack2.csv,,0,1,,,,,,120,120,,,0,0,,,,,,,,
144,诸葛果全体buff（带子弹+buff）,3,600,resource/skill_pic/zhugeguo_skill,csv/bullet_act/zhugeguo_skill.csv,,0,1,,,,,,120,120,,,0,0,,,,,,,,
145,曹仁蓝色刀光（全）,2,,resource/skill_pic/caoren_attack1,csv/bullet_act/caoren_attack1.csv,,0,1,,,,,,,,,,0,0,,,,,,,,
146,曹仁蓝色刀光（自用）,2,,resource/skill_pic/caoren_attack1,csv/bullet_act/caoren_attack1.csv,,0,1,,,,,,150,150,,,0,60,,,,,,,,
147,曹仁蓝色扩大刀光（全）,2,,resource/skill_pic/caoren_attack2,csv/bullet_act/caoren_attack2.csv,,0,1,,,,,,,,,,0,0,,,,,,,,
148,曹仁蓝色扩大刀光（自用）,2,,resource/skill_pic/caoren_attack2,csv/bullet_act/caoren_attack2.csv,,0,1,,,,,,,,,,0,0,,,,,,,,
149,曹仁蓝色技能刀光（全）,2,,resource/skill_pic/caoren_skill,csv/bullet_act/caoren_skill.csv,,0,1,,,,,,,,,,0,0,,,,,,,,
150,曹仁蓝色技能刀光（自用）,2,,resource/skill_pic/caoren_skill,csv/bullet_act/caoren_skill.csv,,0,1,,1,,,,150,150,,,-60,30,,,,,,,,
151,吕蒙黄色刀光（全）,2,,resource/skill_pic/lvmeng_attack1,csv/bullet_act/lvmeng_attack1.csv,,0,1,,,,,,,,,,0,0,,,,,,,,
152,吕蒙黄色刀光（自用）,2,,resource/skill_pic/lvmeng_attack1,csv/bullet_act/lvmeng_attack1.csv,,0,1,,,,,,,,,,50,,,,,,,,,
153,吕蒙黄色刀光2（全）,2,,resource/skill_pic/lvmeng_attack2,csv/bullet_act/lvmeng_attack2.csv,,0,1,,,,,,,,,,0,0,,,,,,,,
154,吕蒙黄色刀光2（自用）,2,,resource/skill_pic/lvmeng_attack2,csv/bullet_act/lvmeng_attack2.csv,,0,1,,,,,,,,,,-80,0,,,,,,,,
155,吕蒙彩色技能刀光（全）,2,,resource/skill_pic/lvmeng_skill,csv/bullet_act/lvmeng_skill.csv,,0,1,,,,,,,,,,0,0,,,,,,,,
156,吕蒙彩色技能刀光（自用）,3,1000,resource/skill_pic/lvmeng_skill,csv/bullet_act/lvmeng_skill.csv,,0,1,,,,,,130,130,125,80,,0,,,,,,,,
157,甘宁刀光紫色刀光（全）,1,,resource/skill_pic/ganning_attack1,csv/bullet_act/ganning_attack1.csv,,0,1,,,,,,,,,,0,0,,,,,,,,
158,甘宁刀光紫色刀光（自用）,1,,resource/skill_pic/ganning_attack1,csv/bullet_act/ganning_attack1.csv,,0,1,,,,,,,,,,0,0,,,,,,,,
159,甘宁蓝色刀光（全）,1,,resource/skill_pic/ganning_attack2,csv/bullet_act/ganning_attack2.csv,,0,1,,,,,,,,,,0,0,,,,,,,,
160,甘宁蓝色刀光（自用）,2,,resource/skill_pic/ganning_attack2,csv/bullet_act/ganning_attack2.csv,,0,1,,1,100,,,100,100,,,0,0,,,,,,,,
161,孟获橙色刀光（全）,1,,resource/skill_pic/menghuo_attack1,csv/bullet_act/menghuo_attack1.csv,,0,1,,,,,,,,,,0,0,,,,,,,,
162,孟获橙色刀光（自用）,2,,resource/skill_pic/menghuo_attack1,csv/bullet_act/menghuo_attack1.csv,,0,1,,,,,,,,,,-10,50,,,,,,,,
163,孟获蓝色刀光（全）,1,,resource/skill_pic/menghuo_attack2,csv/bullet_act/menghuo_attack2.csv,,0,1,,,,,,,,,,0,0,,,,,,,,
164,孟获蓝色刀光（自用）,2,,resource/skill_pic/menghuo_attack2,csv/bullet_act/menghuo_attack2.csv,,0,1,,,,,,110,110,,,0,0,,,,,,,,
165,孟获技能（全）,1,,resource/skill_pic/lidian_skill,csv/bullet_act/lidian_skill.csv,,0,1,,1,0,,,,,,,0,0,,,,,,,,
166,孟获技能（自用）,2,,resource/skill_pic/lidian_skill,csv/bullet_act/lidian_skill.csv,,0,1,,1,0,,,120,120,,,0,-15,,,,,,,,
167,郭女王箭,3,600,resource/skill_pic/guonvwang_attack1,csv/bullet_act/guonvwang_attack1.csv,,0,1,,,,,,,,,,0,0,,,,,,,,
168,郭女王箭2,2,,resource/skill_pic/guonvwang_attack2,csv/bullet_act/guonvwang_attack2.csv,,0,1,,,,,,,,,,0,80,,,,,,,,
169,王元姬受击1,2,,resource/skill_pic/wangyuanji_attack1,csv/bullet_act/wangyuanji_attack1.csv,,0,1,,,,,,,,,,0,50,,,,,,,,
170,王元姬受击2,2,,resource/skill_pic/wangyuanji_attack2,csv/bullet_act/wangyuanji_attack2.csv,,0,1,,,,,,,,,,0,0,,,,,,,,
171,王元姬马跑过,3,1000,resource/skill_pic/wangyuanji_ma,csv/bullet_act/wangyuanji_ma.csv,,0,1,,,,,,80,80,,,0,20,,,,,,,,
172,赵云的龙特效（自身也需要）,2,,resource/skill_pic/zhaoyun_long,csv/bullet_act/zhaoyun_long.csv,,0,1,,,,,,150,150,,,-10,115,,,,,,,,
173,吕布普攻1,1,,resource/skill_pic/lvbu_attack1,csv/bullet_act/lvbu_attack1.csv,,0,1,,,,,,,,,,-50,90,,,,,,,,
174,吕布普攻2,1,,resource/skill_pic/lvbu_attack2,csv/bullet_act/lvbu_attack2.csv,,0,1,,,,,,,,,,-50,50,,,,,,,,
175,吕布技能,7,,resource/skill_pic/lvbu_skill,csv/bullet_act/lvbu_skill.csv,,0,1,,1,100,1,,120,120,0,0,0,80,,,,,,,,
176,曹操受击1,2,,resource/skill_pic/caocao_attack1,csv/bullet_act/caocao_attack1.csv,,0,1,,,,,,130,130,,,0,50,,,,,,,,
177,曹操受击2,2,,resource/skill_pic/caocao_attack2,csv/bullet_act/caocao_attack2.csv,,0,1,,,,,,130,130,,,0,50,,,,,,,,
178,曹操召唤怪物己方全体buff,2,,resource/skill_pic/caocao_skill,csv/bullet_act/caocao_skill.csv,,0,1,,1,100,,,120,120,60,100,5,5,,,,,,,,
179,刘备受击1,2,,resource/skill_pic/liubei_attack1,csv/bullet_act/liubei_attack1.csv,,0,1,,,,,,,,,,0,0,,,,,,,,
180,黄忠箭1,3,1000,resource/skill_pic/huangzhong_attack1,csv/bullet_act/huangzhong_attack1.csv,,0,1,,,,,,,,,,90,15,,,,,,,,
181,黄忠箭2,3,1000,resource/skill_pic/huangzhong_attack2,csv/bullet_act/huangzhong_attack2.csv,,0,1,,,,,,,,,,80,15,,,,,,,,
182,黄忠火箭落地,2,,resource/skill_pic/huangzhong_skill,csv/bullet_act/huangzhong_skill.csv,,0,1,,1,300,,,150,150,,,-17,70,,,,,,,,
183,华佗红色箭,3,1000,resource/skill_pic/huatuo_attack1,csv/bullet_act/huatuo_attack1.csv,,0,1,,,,,,80,80,,,0,0,,,,,,,,
184,华佗黄色箭,3,1000,resource/skill_pic/huangzhong_attack2,csv/bullet_act/huangzhong_attack2.csv,,0,1,,,,,,,,,,0,0,,,,,,,,
185,华佗绿色BUFF箭,2,,resource/skill_pic/huatuo_skill,csv/bullet_act/huatuo_skill.csv,,0,1,,,,,,120,120,0,0,0,120,,,,,,,,
186,张辽红色刀光（自用）,1,,resource/skill_pic/zhangliao_attack1,csv/bullet_act/zhangliao_attack1.csv,,0,1,,,,,,,,,,0,0,,,,,,,,
187,张辽红色刀光（全）,1,,resource/skill_pic/zhangliao_attack1,csv/bullet_act/zhangliao_attack1.csv,,0,1,,,,,,,,,,0,0,,,,,,,,
188,张辽蓝黄色刀光（自用）,1,,resource/skill_pic/zhangliao_attack1,csv/bullet_act/zhangliao_attack1.csv,,0,1,,,,,,,,,,0,0,,,,,,,,
189,张辽蓝黄色刀光（全）,1,,resource/skill_pic/zhangliao_attack1,csv/bullet_act/zhangliao_attack1.csv,,0,1,,,,,,,,,,0,0,,,,,,,,
190,张辽黄色双龙,2,,resource/skill_pic/zhangliao_skill,csv/bullet_act/zhangliao_skill.csv,,0,1,,1,100,,,110,110,90,130,10,60,,,,,,,,
191,左慈被动技能2,2,,resource/skill_pic/zuoci_attack1,csv/bullet_act/zuoci_attack1.csv,,0,1,,,,,,100,100,,,0,0,,,,,,,,
192,赵云普攻,1,,resource/skill_pic/zhaoyun_attack1,csv/bullet_act/zhaoyun_attack1.csv,,0,1,,,,,,,,,,0,0,,,,,,,,
193,甘宁通用生命子弹,2,0,resource/skill_pic/ganning_attack3,csv/bullet_act/ganning_attack3.csv,,0,1,0,0,0,0,,130,130,,,0,0,,,,,,,,
194,张星彩地火通用,2,,resource/skill_pic/zhangxingcai_dihuo,csv/bullet_act/zhangxingcai_dihuo.csv,,0,1,,,,,,130,130,,,0,10,,,,,,,,
,,,,,,,,,,,,,,,,,,,,,,,,,,,
,,,,,,,,,,,,,,,,,,,,,,,,,,,
,,,,,,,,,,,,,,,,,,,,,,,,,,,
,201~300，全屏特效,,,,,,,,,,,,,,,,,,,,,,,,,,
201,红色箭雨（小乔）,7,,resource/skill_pic/xiaoqiao_skill,csv/bullet_act/xiaoqiao_skill.csv,,0,1,,,,,,150,150,,,20,70,,,,,,,,
202,蓝色箭雨（曹丕）,7,,resource/skill_pic/caopi_skill,csv/bullet_act/caopi_skill.csv,,0,1,,,,,,150,150,,,0,50,,,,,,,,
204,夏侯箭雨本人,2,,resource/skill_pic/xiahouyuan_jianyu,csv/bullet_act/xiahouyuan_jianyu.csv,,0,1,,,,,,120,120,-50,150,0,0,,,,,,,,
205,闪电链（诸葛）,7,,resource/skill_pic/zhugeliang_skill,csv/bullet_act/zhugeliang_skill.csv,,0,1,,1,,,1,130,130,,,0,80,,,,,,,,
206,周瑜大招,7,,resource/skill_pic/zhouyu_skill,csv/bullet_act/zhouyu_skill.csv,,0,1,,1,100,,,150,150,110,130,30,30,,,,,,,,
207,孙权技能，己方增益，蓝色八卦阵,7,,resource/skill_pic/sunquan_skill,csv/bullet_act/sunquan_skill.csv,,0,1,,,,,,150,150,,,0,50,,,,,,,,
208,敌方持续少血，粉色法阵（貂蝉）,7,,resource/skill_pic/diaochan_skill,csv/bullet_act/diaochan_skill.csv,,0,1,,,,,,120,120,28,60,0,-80,,,,,,,,
210,甘宁技能（自用）,7,,resource/skill_pic/ganning_skill,csv/bullet_act/ganning_skill.csv,,0,1,,,,,,150,150,50,100,,,,,,,,,,
211,郭女王技能（自用）,7,,resource/skill_pic/guonvwang_skill,csv/bullet_act/guonvwang_skill.csv,,0,1,,,,,,120,120,,40,0,0,,,,,,,,
213,刘备技能己方全体buff,7,,resource/skill_pic/liubei_skill,csv/bullet_act/liubei_skill.csv,,,,,,,,,150,150,,,0,-70,,,,,,,,
215,左慈紫红色法阵,7,,resource/skill_pic/zuoci_skill,csv/bullet_act/zuoci_skill.csv,,0,1,,,,,,120,120,40,80,0,0,,,,,,,,
216,周瑜大招,7,,resource/skill_pic/zhouyu_skill,csv/bullet_act/zhouyu_skill2.csv,,0,1,,1,100,,,150,150,,,,50,,,,,,,,
,,,,,,,,,,,,,,,,,,,,,,,,,,,
,,,,,,,,,,,,,,,,,,,,,,,,,,,
,,,,,,,,,,,,,,,,,,,,,,,,,,,
251,1星步兵攻击1,2,,resource/skill_pic/zhangfei_attack1,csv/bullet_act/zhangfei_attack1.csv,,0,1,,,,,,120,120,,,0,0,,,,,,,,
252,2星步兵攻击1,2,,resource/skill_pic/zhangfei_attack1,csv/bullet_act/zhangfei_attack1.csv,,0,1,,,,,,,,,,0,0,,,,,,,,
253,3星步兵攻击1,2,,resource/skill_pic/zhangfei_attack1,csv/bullet_act/zhangfei_attack1.csv,,0,1,,,,,,,,,,0,0,,,,,,,,
254,3星步兵攻击2,2,,resource/skill_pic/xiahoudun_dici,csv/bullet_act/xiahoudun_dici.csv,,0,1,,,,,,,,,,0,0,,,,,,,,
255,女步兵攻击1,2,,resource/skill_pic/zhangfei_attack1,csv/bullet_act/zhangfei_attack1.csv,,0,1,,,,,,,,,,0,0,,,,,,,,
256,女步兵攻击2,2,,resource/skill_pic/xiahoudun_dici,csv/bullet_act/xiahoudun_dici.csv,,0,1,,,,,,,,,,0,0,,,,,,,,
257,1星骑兵攻击1,2,,resource/skill_pic/lvmeng_attack1,csv/bullet_act/lvmeng_attack1.csv,,0,1,,,,,,,,,,0,50,,,,,,,,
258,2星骑兵攻击1,2,,resource/skill_pic/lvmeng_attack1,csv/bullet_act/lvmeng_attack1.csv,,0,1,,,,,,,,,,0,50,,,,,,,,
259,3星骑兵攻击1,2,,resource/skill_pic/lvmeng_attack2,csv/bullet_act/lvmeng_attack2.csv,,0,1,,,,,,0,0,,,-60,50,,,,,,,,
260,3星骑兵攻击2,2,,resource/skill_pic/zhangxingcai_dihuo,csv/bullet_act/zhangxingcai_dihuo.csv,,0,1,,,,,,0,0,,,0,0,,,,,,,,
261,女骑兵攻击1,2,,resource/skill_pic/lvmeng_attack2,csv/bullet_act/lvmeng_attack2.csv,,0,1,,,,,,0,0,,,-60,50,,,,,,,,
262,女骑兵攻击2,2,,resource/skill_pic/zhangxingcai_dihuo,csv/bullet_act/zhangxingcai_dihuo.csv,,0,1,,,,,,0,0,,,0,0,,,,,,,,
263,1星弓兵攻击1,3,800,resource/skill_pic/xiaoqiao_attack1,csv/bullet_act/xiaoqiao_attack1.csv,,0,1,,,,,,,,,,60,-25,,,,,,,,
264,2星弓兵攻击1,3,800,resource/skill_pic/taishici_jian1,csv/bullet_act/taishici_jian1.csv,,0,1,,,,,,80,80,,,40,-20,,,,,,,,
265,3星弓兵攻击1,3,800,resource/skill_pic/xiahouyuan_attack1,csv/bullet_act/xiahouyuan_attack1.csv,,0,1,,,,,,100,100,,,20,-8,,,,,,,,
266,3星弓兵攻击2,4,800,resource/skill_pic/xiahouyuan_attack1,csv/bullet_act/xiahouyuan_attack1.csv,,0,1,,,,,,100,100,,,20,-8,,,,,,,,
267,女弓兵攻击1,3,1000,resource/skill_pic/qinfeng,csv/bullet_act/qinfeng.csv,,0,1,,,,,,,,,,120,0,,,,,,,,
268,女弓兵攻击2,4,800,resource/skill_pic/qinfeng,csv/bullet_act/qinfeng.csv,,0,1,,,,,,0,0,,,0,0,,,,,,,,
269,1星军师攻击1,3,800,resource/skill_pic/zhouyu_attack1,csv/bullet_act/zhouyu_attack1.csv,,0,1,,,,,,100,100,,,15,0,,,,,,,,
270,2星军师攻击1,3,800,resource/skill_pic/zhugeliang_attack1,csv/bullet_act/zhugeliang_attack1.csv,,0,1,,,,,,,,,,0,0,,,,,,,,
271,3星军师攻击1,3,800,resource/skill_pic/zhouyu_attack1,csv/bullet_act/zhouyu_attack1.csv,,0,1,,,,,,90,90,,,25,0,,,,,,,,
272,3星军师攻击2,2,,resource/skill_pic/pangtong_attack2,csv/bullet_act/pangtong_attack2.csv,,0,1,,,,,,0,0,,,0,80,,,,,,,,
273,女军师攻击1,3,800,resource/skill_pic/zhouyu_attack1,csv/bullet_act/zhouyu_attack1.csv,,0,1,,,,,,90,90,,,25,0,,,,,,,,
274,女军师攻击2,2,,resource/skill_pic/zhouyu_attack2,csv/bullet_act/zhouyu_attack2.csv,,0,1,,,,,,,,,,0,0,,,,,,,,
275,弓兵debuff攻击,4,700,resource/skill_pic/huatuo_attack1,csv/bullet_act/huatuo_attack1.csv,,0,1,,,,,,65,60,,,0,0,,,,,,,,
276,打一列的龙卷风,3,800,resource/skill_pic/zhurongfuren_skill,csv/bullet_act/zhurongfuren_skill.csv,,0,1,,,,,,100,100,,,0,30,,,,,,,,
277,打一列刀光,3,800,resource/skill_pic/zhangliao_attack1,csv/bullet_act/zhangliao_attack1.csv,,0,1,,,,,,100,100,,,0,0,,,,,,,,
278,打一列华佗箭,3,900,resource/skill_pic/huatuo_attack1,csv/bullet_act/huatuo_attack1.csv,,0,1,,,,,,100,100,,,0,0,,,,,,,,
279,华佗绿色BUFF箭,2,,resource/skill_pic/huatuo_skill,csv/bullet_act/huatuo_skill.csv,,0,1,,,,,,,,0,100,0,120,0,0,0,0,,,,
280,屠夫攻击1,2,,resource/skill_pic/tufu_attack1,csv/bullet_act/tufu_attack1.csv,,0,1,,,,,,0,0,,,0,0,,,,,,,,
281,屠夫攻击2,2,,resource/skill_pic/tufu_attack2,csv/bullet_act/tufu_attack2.csv,,0,1,,,,,,0,0,,,0,0,,,,,,,,
282,藤甲攻击1,2,,resource/skill_pic/tengjiadunbing_attack1,csv/bullet_act/tengjiadunbing_attack1.csv,,0,1,,,,,,0,0,,,0,0,,,,,,,,
283,藤甲攻击2,2,,resource/skill_pic/tengjiadunbing_attack2,csv/bullet_act/tengjiadunbing_attack2.csv,,0,1,,,,,,0,0,,,0,0,,,,,,,,
284,恶霸1,2,,resource/skill_pic/eba_attack1,csv/bullet_act/eba_attack1.csv,,0,1,,,,,,0,0,,,0,0,,,,,,,,
,,,,,,,,,,,,,,,,,,,,,,,,,,,
286,药师,2,,resource/skill_pic/yaoshi_attack1,csv/bullet_act/yaoshi_attack1.csv,,0,1,,,,,,,,,,0,0,,,,,,,,
287,驯兽,3,800,resource/skill_pic/xunshoushi_attack1,csv/bullet_act/xunshoushi_attack1.csv,,0,1,,,,,,130,130,,,0,0,,,,,,,,
288,算命先生,3,800,resource/skill_pic/suanming_attack1,csv/bullet_act/suanming_attack1.csv,,0,1,,,,,,150,150,,,0,0,,,,,,,,
289,恶霸1,2,,resource/skill_pic/eba_attack1,csv/bullet_act/eba_attack1.csv,,0,1,,,,,,0,0,,,0,0,,,,,,,,
290,剑客,2,,resource/skill_pic/jianke_attack1,csv/bullet_act/jianke_attack1.csv,,0,1,,,,,,0,0,,,0,0,,,,,,,,
,,,,,,,,,,,,,,,,,,,,,,,,,,,
,,,,,,,,,,,,,,,,,,,,,,,,,,,
,,,,,,,,,,,,,,,,,,,,,,,,,,,
,,,,,,,,,,,,,,,,,,,,,,,,,,,
,,,,,,,,,,,,,,,,,,,,,,,,,,,
,,,,,,,,,,,,,,,,,,,,,,,,,,,
,301~400，buff/debuff特效,,,,,,,,,,,,,0,0,,,,,,,,,,,,
301,紫色debuff,2,,resource/skill_pic/debuff_purple,csv/bullet_act/debuff_purple.csv,,0,1,,,,,,0,0,,,0,0,,,,,,,,
302,通用加状态buff,1,,resource/skill_pic/xiahoudun_attack4,csv/bullet_act/xiahoudun_attack4.csv,,0,1,,,,,,0,0,95,70,0,0,,,,,,,,
303,眩晕buff,2,,resource/skill_pic/debuff_yunxuan,csv/bullet_act/debuff_yunxuan.csv,,0,1,,,,,,0,0,,,0,135,,,,,,,,
304,通用被动技能子弹,2,,resource/skill_pic/xiahoudun_attack4,csv/bullet_act/xiahoudun_attack4.csv,,0,1,,,,,,0,0,75,50,0,0,,,,,,,,
,,,,,,,,,,,,,,,,,,,,,,,,,,,
,,,,,,,,,,,,,,,,,,,,,,,,,,,
309,BUFF_攻速,2,,,csv/bullet_act/buff_null.csv,resource/skill_icon/buff_PoJi.png,0,1,,,,,,,,,,0,50,,,,,,,,
310,BUFF_韧性,2,,,csv/bullet_act/buff_null.csv,resource/skill_icon/buff_RenXing.png,0,1,,,,,,,,,,0,50,,,,,,,,
311,BUFF_加血,2,,resource/skill_pic/buff_hp,csv/bullet_act/buff_general.csv,resource/skill_icon/buff_hp.png,0,1,,,,,,120,120,,,0,50,,,,,,,,
312,BUFF_加攻,2,,resource/skill_pic/buff_atk,csv/bullet_act/buff_general.csv,resource/skill_icon/buff_atk.png,0,1,,,,,,120,120,,,0,50,,,,,,,,
313,BUFF_加防,2,,resource/skill_pic/buff_def,csv/bullet_act/buff_general.csv,resource/skill_icon/buff_def.png,0,1,,,,,,120,120,,,0,50,,,,,,,,
314,BUFF_格挡,2,,resource/skill_pic/buff_dikang,csv/bullet_act/buff_dikang.csv,resource/skill_icon/buff_GeDang.png,0,1,,,,,,150,150,,,0,80,,,,,,,,
315,BUFF_闪避,2,,resource/skill_pic/buff_shanbi,csv/bullet_act/buff_general.csv,resource/skill_icon/buff_ShanBi.png,0,1,,,,,,120,120,,,0,10,,,,,,,,
316,BUFF_抵抗,2,,resource/skill_pic/buff_gedang,csv/bullet_act/buff_gedang.csv,resource/skill_icon/buff_DiKang.png,0,1,,,,,,120,120,,,0,50,,,,,,,,
317,BUFF_暴击,2,,,csv/bullet_act/buff_null.csv,resource/skill_icon/buff_BaoJi.png,0,1,,,,,,,,,,0,50,,,,,,,,
318,BUFF_爆伤,2,,,csv/bullet_act/buff_null.csv,resource/skill_icon/buff_BaoShang.png,0,1,,,,,,,,,,0,50,,,,,,,,
319,BUFF_破击,2,,,csv/bullet_act/buff_null.csv,resource/skill_icon/buff_PoJi.png,0,1,,,,,,,,,,0,50,,,,,,,,
320,BUFF_命中,2,,,csv/bullet_act/buff_null.csv,resource/skill_icon/buff_MingZhong.png,0,1,,,,,,,,,,0,50,,,,,,,,
321,DEBUFF_中毒,2,,resource/skill_pic/debuff_hp,csv/bullet_act/debuff_general.csv,resource/skill_icon/debuff_hp.png,0,1,,,,,,150,150,,,0,50,,,,,,,,
322,DEBUFF_降攻,2,,resource/skill_pic/debuff_atk,csv/bullet_act/debuff_general.csv,resource/skill_icon/debuff_atk.png,0,1,,,,,,150,150,,,0,50,,,,,,,,
323,DEBUFF_降防,2,,resource/skill_pic/debuff_def,csv/bullet_act/debuff_general.csv,resource/skill_icon/debuff_def.png,0,1,,,,,,150,150,,,0,50,,,,,,,,
324,DEBUFF_冰冻,2,,resource/skill_pic/debuff_frozen,csv/bullet_act/debuff_frozen.csv,,0,1,,,,,,120,140,,,0,70,,,,,,,,
325,沉默,2,,resource/skill_pic/buff_chenmo,csv/bullet_act/buff_chenmo.csv,,0,1,,,,,,90,90,,,18,125,,,,,,,,
326,变猪,2,,resource/skill_pic/debuff_pig,csv/bullet_act/debuff_pig.csv,,0,1,,,,,,100,100,,,0,0,,,,,,,,
327,吕布无敌罩,2,,resource/skill_pic/buff_wudi,csv/bullet_act/buff_wudi.csv,,0,1,,,,,,100,100,0,0,0,80,,,,,,,,
328,华佗金钟罩,2,,resource/skill_pic/buff_zhong,csv/bullet_act/buff_zhong.csv,,0,1,,,,,,80,80,,,0,150,,,,,,,,
329,王异护盾,2,0,resource/skill_pic/wangyi_attack4,csv/bullet_act/wangyi_attack4.csv,,0,1,,,,,,120,120,,,0,65,,,,,,,,
330,文丑的盾,2,,resource/skill_pic/wenchou_attack3,csv/bullet_act/wenchou_attack3.csv,,0,1,,,,,,0,0,,,-50,60,,,,,,,,
331,催眠,2,,resource/skill_pic/buff_cuimian,csv/bullet_act/buff_cuimian.csv,,0,1,,,,,,120,120,,,30,140,,,,,,,,
332,董卓的盾,1,,resource/skill_pic/dongzhuo_skill,csv/bullet_act/dongzhuo_skill.csv,,0,1,,,,,,70,70,,,,45,,,,,,,,
333,缴械,2,,resource/skill_pic/buff_jiaoxie,csv/bullet_act/buff_jiaoxie.csv,,0,1,,,,,,0,0,,,18,135,,,,,,,,
334,缴械2,2,,,csv/bullet_act/buff_null.csv,resource/skill_icon/buff_JiaoXie.png,0,1,,,,,,110,110,,,0,50,,,,,,,,
,,,,,,,,,,,,,,,,,,,,,,,,,,,
351,DEBUFF_命中,2,,,csv/bullet_act/buff_null.csv,resource/skill_icon/debuff_MingZhong.png,0,1,,,,,,,,,,,,,,,,,,,
352,deBUFF_格挡,2,,,csv/bullet_act/buff_null.csv,resource/skill_icon/debuff_GeDang.png,0,1,,,,,,,,,,,,,,,,,,,
353,deBUFF_闪避,2,,,csv/bullet_act/buff_null.csv,resource/skill_icon/debuff_ShanBi.png,0,1,,,,,,,,,,,,,,,,,,,
354,deBUFF_破击,2,,,csv/bullet_act/buff_null.csv,resource/skill_icon/debuff_PoJi.png,0,1,,,,,,,,,,,,,,,,,,,
,,,,,,,,,,,,,,,,,,,,,,,,,,,
,,,,,,,,,,,,,,,,,,,,,,,,,,,
,,,,,,,,,,,,,,,,,,,,,,,,,,,
401,孙策技能受击效果,2,,resource/skill_pic/sunce_skill,csv/bullet_act/sunce_skill.csv,,0,1,,1,,1,,120,120,,,0,0,,,,,,,,
,,,,,,,,,,,,,,,,,,,,,,,,,,,
,,,,,,,,,,,,,,,,,,,,,,,,,,,
501,魏延普攻,2,,resource/skill_pic/weiyan_attack1,csv/bullet_act/weiyan_attack1.csv,,0,1,,,,,,,,,,0,0,,,,,,,,
502,魏延技能,2,,resource/skill_pic/pangtong_attack3,csv/bullet_act/weiyan_skill.csv,,0,1,,1,,,,130,130,,,-80,0,,,,,,,,
503,马超普攻,2,,resource/skill_pic/machao_attack1,csv/bullet_act/machao_attack1.csv,,0,1,,,,,,,,,,0,0,,,,,,,,
504,马超技能,2,,resource/skill_pic/machao_attack1,csv/bullet_act/machao_skill.csv,,0,1,,1,,,1,,,,,0,0,,,,,,,,
505,纪灵普攻,2,,resource/skill_pic/jiling_attack1,csv/bullet_act/jiling_attack1.csv,,0,1,,,,,,,,,,0,0,,,,,,,,
506,纪灵技能,2,,resource/skill_pic/jiling_skill,csv/bullet_act/jiling_skill.csv,,0,1,,1,,,,90,90,,,0,0,,,,,,,,
507,孙尚香普攻,3,600,resource/skill_pic/sunshangxiang_attack1,csv/bullet_act/sunshangxiang_attack1.csv,,0,1,,,,,,,,,,0,0,,,,,,,,
508,孙尚香技能,7,,resource/skill_pic/sunshangxiang_skill,csv/bullet_act/sunshangxiang_skill.csv,,0,1,,1,,,,130,130,,,0,0,,,,,,,,
509,张绣,2,,resource/skill_pic/zhangxiu_attack1,csv/bullet_act/zhangxiu_attack1.csv,,0,1,,,,,,,,,,0,0,,,,,,,,
510,张绣技能,2,,resource/skill_pic/zhangxiu_attack1,csv/bullet_act/zhangxiu_skill.csv,,0,1,,1,,,,,,,,0,0,,,,,,,,
511,于禁,3,800,resource/skill_pic/yujin_attack1,csv/bullet_act/yujin_attack1.csv,,0,1,,,,,,,,,,0,0,,,,,,,,
512,于禁技能,4,600,resource/skill_pic/yujin_skill,csv/bullet_act/yujin_skill.csv,,0,3,150,,,,,100,100,,,0,0,,,,,,,,
513,颜良,2,,resource/skill_pic/yanliang_attack1,csv/bullet_act/yanliang_attack1.csv,,0,1,,,,,,,,,,0,0,,,,,,,,
514,颜良技能,7,,resource/skill_pic/yanliang_skill,csv/bullet_act/yanliang_skill.csv,,0,1,,1,,1,,150,150,,,0,0,,,,,,,,
515,徐晃,2,,resource/skill_pic/xuhuang_attack1,csv/bullet_act/xuhuang_attack1.csv,,0,1,,,,,,,,,,0,0,,,,,,,,
516,徐晃技能,2,,resource/skill_pic/xuhuang_skill,csv/bullet_act/xuhuang_skill.csv,,0,1,,1,100,,,,,-60,50,0,0,,,,,,,,
517,周泰,2,,resource/skill_pic/zhoutai_attack1,csv/bullet_act/zhoutai_attack1.csv,,0,1,,,,,,,,,,0,0,,,,,,,,
518,周泰技能,2,,resource/skill_pic/null,csv/bullet_act/zhoutai_skill.csv,,0,1,,,,,,,,,,0,0,,,,,,,,
519,张角,3,600,resource/skill_pic/zhangjiao_attack1,csv/bullet_act/zhangjiao_attack1.csv,,0,1,,,,,,180,180,,,0,0,,,,,,,,
520,张角技能,7,,resource/skill_pic/zhangjiao_skill,csv/bullet_act/zhangjiao_skill.csv,,0,1,,1,,,,140,140,,,150,30,,,,,,,,
521,程普,2,,resource/skill_pic/chengpu_attack1,csv/bullet_act/chengpu_attack1.csv,,0,1,,,,,,120,120,,,0,0,,,,,,,,
522,程普技能,2,,resource/skill_pic/chengpu_skill,csv/bullet_act/chengpu_skill.csv,,0,1,,1,,1,,,,,,0,65,,,,,,,,
523,文丑,2,,resource/skill_pic/wenchou_attack1,csv/bullet_act/wenchou_attack1.csv,,0,1,,,,,,0,0,,,0,0,,,,,,,,
524,文丑技能,2,,resource/skill_pic/wenchou_skill,csv/bullet_act/wenchou_skill.csv,,0,1,,1,,,,0,0,,,0,0,,,,,,,,
525,王异,3,800,resource/skill_pic/wangyi_attack1,csv/bullet_act/wangyi_attack1.csv,,0,1,,,,,,130,130,,,0,0,,,,,,,,
526,王异技能,2,,resource/skill_pic/wangyi_skill,csv/bullet_act/wangyi_skill.csv,,0,1,,,,,,0,0,,,0,50,,,,,,,,
527,李典,2,,resource/skill_pic/lidian_attack1,csv/bullet_act/lidian_attack1.csv,,0,1,,,,,,0,0,,,0,0,,,,,,,,
528,李典技能,2,,resource/skill_pic/lidian_skill,csv/bullet_act/lidian_skill.csv,,0,1,,1,300,,,120,120,,,-20,-40,,,,,,,,
529,步练师,2,,resource/skill_pic/bulianshi_attack1,csv/bullet_act/bulianshi_attack1.csv,,0,1,,,,,,0,0,,,0,0,,,,,,,,
530,步练师技能,3,800,resource/skill_pic/bulianshi_skill,csv/bullet_act/bulianshi_skill.csv,,0,1,,1,,,,110,110,,,0,-40,,,,,,,,
531,蔡文姬,3,800,resource/skill_pic/caiwenji_attack1,csv/bullet_act/caiwenji_attack1.csv,,0,1,,,,,,0,0,,,0,0,,,,,,,,
532,蔡文姬技能,8,,resource/skill_pic/caiwenji_attack3,csv/bullet_act/caiwenji_attack3.csv,,0,1,,,,,,0,0,,,0,0,,,,,,,,
533,甘夫人,3,800,resource/skill_pic/ganfuren_attack1,csv/bullet_act/ganfuren_attack1.csv,,0,1,,,,,,120,120,,,0,0,,,,,,,,
534,甘夫人技能,7,,resource/skill_pic/ganfuren_skill,csv/bullet_act/ganfuren_skill.csv,,0,1,,1,,,,140,140,,,0,0,,,,,,,,
535,郭嘉,3,800,resource/skill_pic/guojia_attack1,csv/bullet_act/guojia_attack1.csv,,0,1,,,,,,0,0,,,0,0,,,,,,,,
536,郭嘉技能,10,800,resource/skill_pic/guojia_skill,csv/bullet_act/guojia_skill.csv,,0,1,,1,1000,,,150,150,,,0,0,,,,,,,,
537,黄月英,3,800,resource/skill_pic/huangyueying_attack1,csv/bullet_act/huangyueying_attack1.csv,,0,1,,,,,,0,0,,,0,0,,,,,,,,
538,黄月英技能,7,,resource/skill_pic/huangyueying_skill,csv/bullet_act/huangyueying_skill.csv,,0,1,,,,,,160,160,,,-120,40,,,,,,,,
539,孙坚,3,800,resource/skill_pic/sunjian_attack1,csv/bullet_act/sunjian_attack1.csv,,0,1,,,,,,0,0,,,0,0,,,,,,,,
540,孙坚技能,7,,resource/skill_pic/sunjian_skill,csv/bullet_act/sunjian_skill.csv,,0,1,,1,500,,,140,140,,,60,30,,,,,,,,
541,高顺,2,,resource/skill_pic/gaoshun_attack1,csv/bullet_act/gaoshun_attack1.csv,,0,1,,,,,,0,0,,,0,0,,,,,,,,
542,高顺技能,2,,resource/skill_pic/gaoshun_skill,csv/bullet_act/gaoshun_skill.csv,,0,1,,1,240,,,120,120,,,0,0,,,,,,,,
543,陈宫,3,800,resource/skill_pic/chengong_attack1,csv/bullet_act/chengong_attack1.csv,,0,1,,,,,,0,0,,,0,0,,,,,,,,
544,陈宫技能,2,,resource/skill_pic/chengong_skill,csv/bullet_act/chengong_skill.csv,,0,1,,1,,,,0,0,,,0,0,,,,,,,,
545,华雄,2,,resource/skill_pic/huaxiong_attack1,csv/bullet_act/huaxiong_attack1.csv,,0,1,,,,,,0,0,,,0,0,,,,,,,,
546,华雄,3,1000,resource/skill_pic/huaxiong_skill,csv/bullet_act/huaxiong_skill.csv,,0,1,,1,100,,,0,0,,,0,40,,,,,,,,
547,董卓,3,800,resource/skill_pic/dongzhuo_attack1,csv/bullet_act/dongzhuo_attack1.csv,,0,1,,,,,,0,0,,,0,0,,,,,,,,
548,董卓技能,1,,resource/skill_pic/null,csv/bullet_act/null.csv,,0,1,,1,,,,140,140,,,0,0,,,,,,,,
549,田丰,3,800,resource/skill_pic/tianfeng_attack1,csv/bullet_act/tianfeng_attack1.csv,,0,1,,,,,,0,0,,,0,0,,,,,,,,
550,田丰技能,2,,resource/skill_pic/tianfeng_skill,csv/bullet_act/tianfeng_skill.csv,,0,1,,,,,,0,0,,,0,0,,,,,,,,
551,公孙瓒,2,0,resource/skill_pic/gongsunzan_attack1,csv/bullet_act/gongsunzan_attack1.csv,,0,1,,,,,,0,0,,,0,0,,,,,,,,
552,公孙瓒技能,3,800,resource/skill_pic/gongsunzan_skill,csv/bullet_act/gongsunzan_skill.csv,,0,1,,1,100,,,120,120,,,0,0,,,,,,,,
553,袁绍,3,800,resource/skill_pic/yuanshao_attack1,csv/bullet_act/yuanshao_attack1.csv,,0,1,,,,,,80,80,,,0,0,,,,,,,,
554,袁绍技能,2,,resource/skill_pic/yuanshao_skill,csv/bullet_act/yuanshao_skill.csv,,0,1,,,,,,130,130,,,-30,60,,,,,,,,
555,贾诩,3,800,resource/skill_pic/jiaxu_attack1,csv/bullet_act/jiaxu_attack1.csv,,0,1,,,,,,0,0,,,0,0,,,,,,,,
556,贾诩,8,,resource/skill_pic/jiaxu_skill,csv/bullet_act/jiaxu_skill.csv,,0,1,,,,,,0,0,,,0,60,10,40,,,,,,
557,关羽,2,,resource/skill_pic/guanyu_attack1,csv/bullet_act/guanyu_attack1.csv,,0,1,,,,,,80,80,,,0,0,,,,,,,,
558,关羽技能,7,,resource/skill_pic/guanyu_skill,csv/bullet_act/guanyu_skill.csv,,0,1,,1,,,,120,120,,,0,30,,,,,,,,
,,,,,,,,,,,,,,,,,,,,,,,,,,,
,,,,,,,,,,,,,,,,,,,,,,,,,,,
,,,,,,,,,,,,,,,,,,,,,,,,,,,
,,,,,,,,,,,,,,,,,,,,,,,,,,,
,被动技特效,,,,,,,,,,,,,,,,,,,,,,,,,,
1001,张飞,2,0,resource/skill_pic/null,csv/bullet_act/zhangfei_attack2.csv,0,0,1,0,1,0,0,,0,0,0,0,,,,,,,,,,
1002,张飞,2,0,resource/skill_pic/zhangfei_attack3,csv/bullet_act/zhangfei_attack3.csv,0,0,1,0,0,0,0,,70,70,0,60,,,,,,,,,,
1003,张飞,1,0,resource/skill_pic/null,csv/bullet_act/null.csv,0,0,1,0,0,0,0,,100,100,-50,150,,,,,,,,,,
1004,周瑜,2,0,resource/skill_pic/zhouyu_attack2,csv/bullet_act/zhouyu_attack2.csv,0,0,1,0,0,0,0,1,0,0,0,0,,,,,,,,,,
1005,周瑜,2,0,resource/skill_pic/zhouyu_attack4,csv/bullet_act/zhouyu_attack4.csv,0,0,1,0,0,0,0,,0,0,0,0,,30,,,,,,,,
1006,周瑜,1,0,resource/skill_pic/null,csv/bullet_act/zhouyu_attack3.csv,0,0,1,0,0,0,0,,0,0,0,50,,,,,,,,,,
1007,夏侯惇,2,0,resource/skill_pic/xiahoudun_shouji2,csv/bullet_act/xiahoudun_shouji2.csv,0,0,1,0,0,0,0,,0,0,0,0,,,,,,,,,,
1008,夏侯惇,1,0,resource/skill_pic/null,csv/bullet_act/null.csv,0,0,1,0,0,0,0,,120,120,0,100,,,,,,,,,,
1009,夏侯惇,1,0,resource/skill_pic/xiahoudun_attack4,csv/bullet_act/xiahoudun_attack4.csv,0,0,1,0,0,0,0,,0,0,0,50,,,,,,,,,,
1010,孙权,3,800,resource/skill_pic/sunquan_attack2,csv/bullet_act/sunquan_attack2.csv,0,0,1,0,0,0,0,,0,0,0,0,,,,,,,,,,
1011,孙权,3,800,resource/skill_pic/sunquan_attack3,csv/bullet_act/sunquan_attack3.csv,0,0,1,0,0,0,0,,0,0,0,100,,,,,,,,,,
1012,孙权,2,0,resource/skill_pic/zhugeguo_attack4,csv/bullet_act/zhugeguo_attack4.csv,0,0,1,0,0,0,0,,0,0,-10,80,,,,,,,,,,
1013,郭嘉,3,800,resource/skill_pic/guojia_attack2,csv/bullet_act/guojia_attack2.csv,,0,1,,,,,,50,50,,,-40,0,,,,,,,,
1014,郭嘉,3,800,resource/skill_pic/guojia_attack3,csv/bullet_act/guojia_attack3.csv,,0,1,,,,,,150,150,,,0,0,,,,,,,,
1015,郭嘉,1,0,resource/skill_pic/null,csv/bullet_act/null.csv,,0,1,,,,,,0,0,,,0,0,,,,,,,,
1016,陆逊,2,0,resource/skill_pic/pangtong_attack2,csv/bullet_act/pangtong_attack2.csv,,0,1,0,0,0,0,,0,0,0,0,10,50,,,,,,,,
1017,陆逊,2,0,resource/skill_pic/xiahoudun_attack4,csv/bullet_act/xiahoudun_attack4.csv,0,0,1,0,0,0,0,,0,0,0,50,,,,,,,,,,
1018,陆逊,,,,,0,0,1,0,0,0,0,,0,0,0,0,,,,,,,,,,
1019,诸葛亮,2,0,resource/skill_pic/zhugeliang_attack2,csv/bullet_act/zhugeliang_attack2.csv,0,0,1,,,,,,80,80,0,0,0,40,,,,,,,,
1020,诸葛亮,2,0,resource/skill_pic/zhugeliang_attack3,csv/bullet_act/zhugeliang_attack3.csv,0,0,1,,,,,,100,100,0,0,0,20,,,,,,,,
1021,诸葛亮,1,0,resource/skill_pic/null,csv/bullet_act/zhugeliang_attack4.csv,0,0,1,,,,,,80,80,0,100,0,0,,,,,,,,
1022,司马懿,2,0,resource/skill_pic/pangtong_attack2,csv/bullet_act/pangtong_attack2.csv,0,0,1,0,0,0,0,,0,0,0,0,10,50,,,,,,,,
1023,司马懿,,,,,0,0,1,0,0,0,0,,0,0,0,0,,,,,,,,,,
1024,司马懿,,,,,0,0,1,0,0,0,0,,0,0,0,0,,,,,,,,,,
1025,孙尚香,3,600,resource/skill_pic/sunshangxiang_attack2,csv/bullet_act/sunshangxiang_attack2.csv,0,0,1,0,0,0,0,,0,0,0,0,,,,,,,,,,
1026,孙尚香,1,,resource/skill_pic/null,csv/bullet_act/sunshangxiang_attack3.csv,0,0,1,0,0,0,0,,0,0,0,0,,,,,,,,,,
1027,孙尚香,1,,resource/skill_pic/null,csv/bullet_act/sunshangxiang_attack4.csv,0,0,1,0,0,0,0,,0,0,0,0,,,,,,,,,,
1028,曹操,2,0,resource/skill_pic/caocao_attack2,csv/bullet_act/caocao_attack2.csv,0,0,1,0,0,0,0,,0,0,0,0,,,,,,,,,,
1029,曹操,1,0,resource/skill_pic/null,csv/bullet_act/caocao_attack3.csv,0,0,1,0,0,0,0,,0,0,0,60,,,,,,,,,,
1030,曹操,2,0,resource/skill_pic/caocao_attack4,csv/bullet_act/caocao_attack4.csv,0,0,1,0,0,0,0,,0,0,0,155,,,,,,,,,,
1031,吕布,2,0,resource/skill_pic/lvbu_attack2,csv/bullet_act/lvbu_attack2.csv,0,0,1,0,1,300,1,,120,120,0,130,,20,,,,,,,,
1032,吕布,2,0,resource/skill_pic/lvbu_attack3,csv/bullet_act/lvbu_attack3.csv,0,0,1,0,0,0,0,1,130,130,55,75,,,,,,,,,,
1033,吕布,2,0,resource/skill_pic/null,csv/bullet_act/lvbu_attack4.csv,0,0,1,0,0,0,0,,120,120,50,190,,,,,,,,,,
1034,关羽,1,0,resource/skill_pic/guanyu_attack2,csv/bullet_act/guanyu_attack2.csv,,0,1,,,,,,0,0,,,0,0,,,,,,,,
1035,关羽,2,0,resource/skill_pic/guanyu_attack3,csv/bullet_act/guanyu_attack3.csv,,0,1,,,,,,0,0,,,0,0,,,,,,,,
1036,关羽,2,0,resource/skill_pic/guanyu_attack4,csv/bullet_act/guanyu_attack4.csv,,0,1,,,,,,0,0,,,0,0,,,,,,,,
1037,赵云,2,0,resource/skill_pic/zhaoyun_attack2,csv/bullet_act/zhaoyun_attack2.csv,0,0,1,0,0,0,0,,0,0,0,0,,,,,,,,,,
1038,赵云,1,0,resource/skill_pic/zhaoyun_attack2,csv/bullet_act/zhaoyun_attack3.csv,0,0,1,0,0,0,0,1,130,130,100,100,-120,10,,,,,,,,
1039,赵云,1,0,resource/skill_pic/null,csv/bullet_act/zhaoyun_attack4.csv,0,0,1,0,0,0,0,,0,0,0,30,,,,,,,,,,
1040,马超,2,0,resource/skill_pic/machao_attack2,csv/bullet_act/machao_attack2.csv,,0,1,0,0,0,0,,0,0,0,0,,,,,,,,,,
1041,马超,1,0,resource/skill_pic/null,csv/bullet_act/machao_attack3.csv,0,0,1,0,0,0,0,,0,0,0,20,,,,,,,,,,
1042,马超,1,0,resource/skill_pic/null,csv/bullet_act/machao_attack4.csv,0,0,1,0,0,0,0,,0,0,0,65,,0,,,,,,,,
1043,张辽,2,0,resource/skill_pic/zhangliao_attack1,csv/bullet_act/zhangliao_attack1.csv,0,0,1,0,0,0,0,,0,0,0,60,,0,,,,,,,,
1044,张辽,1,0,resource/skill_pic/null,csv/bullet_act/zhangliao_attack3.csv,0,0,1,0,0,0,0,,0,0,90,60,,0,,,,,,,,
1045,张辽,1,0,resource/skill_pic/null,csv/bullet_act/null.csv,0,0,1,0,0,0,0,,0,0,0,55,,,,,,,,,,
1046,刘备,2,0,resource/skill_pic/null,csv/bullet_act/null.csv,0,0,1,0,0,0,0,,0,0,-55,78,,,,,,,,,,
1047,刘备,1,0,resource/skill_pic/liubei_attack3,csv/bullet_act/liubei_attack3.csv,0,0,1,0,0,0,0,,0,0,0,50,,,,,,,,,,
1048,刘备,1,0,resource/skill_pic/null,csv/bullet_act/null.csv,0,0,1,0,0,0,0,,0,0,0,90,,,,,,,,,,
1049,左慈,2,0,resource/skill_pic/zuoci_attack2,csv/bullet_act/zuoci_attack2.csv,0,0,1,0,0,0,0,,0,0,0,0,,,,,,,,,,
1050,左慈,3,800,resource/skill_pic/zuoci_attack1,csv/bullet_act/zuoci_attack1.csv,0,0,1,0,0,0,0,,0,0,0,0,,,,,,,,,,
1051,左慈,1,0,resource/skill_pic/null,csv/bullet_act/zuoci_attack4.csv,0,0,1,0,0,0,0,,0,0,0,50,,,,,,,,,,
1052,貂蝉,2,0,resource/skill_pic/diaochan_attack2,csv/bullet_act/diaochan_attack2.csv,0,0,1,0,0,0,0,,0,0,0,30,,50,,,,,,,,
1053,貂蝉,1,0,resource/skill_pic/diaochan_attack3,csv/bullet_act/diaochan_attack3.csv,0,0,1,0,0,0,0,,0,0,0,0,,,,,,,,,,
1054,貂蝉,1,0,resource/skill_pic/null,csv/bullet_act/diaochan_attack4.csv,0,0,1,0,0,0,0,,0,0,0,0,,,,,,,,,,
1055,华佗,1,0,resource/skill_pic/zhugeguo_attack4,csv/bullet_act/zhugeguo_attack4.csv,0,0,1,0,0,0,0,,0,0,0,0,,,,,,,,,,
1056,华佗,3,800,resource/skill_pic/zhugeliang_attack1,csv/bullet_act/zhugeliang_attack1.csv,0,0,1,0,0,0,0,,0,0,0,0,,0,,,,,,,,
1057,华佗,2,0,resource/skill_pic/null,csv/bullet_act/null.csv,0,0,1,0,0,0,0,,0,0,0,0,,90,,,,,,,,
1058,小乔,3,800,resource/skill_pic/qinfeng,csv/bullet_act/qinfeng.csv,0,0,1,0,0,0,0,,130,130,0,0,,,,,,,,,,
1059,小乔,3,800,resource/skill_pic/xiaoqiao_attack3,csv/bullet_act/xiaoqiao_attack3.csv,0,0,1,0,0,0,0,,120,120,-30,70,,,,,,,,,,
1060,小乔,2,0,resource/skill_pic/null,csv/bullet_act/xiaoqiao_attack4.csv,0,0,1,0,0,0,0,,130,130,-30,30,,,,,,,,,,
1061,甄姬,2,0,resource/skill_pic/debuff_def,csv/bullet_act/debuff_general.csv,resource/skill_icon/debuff_def.png,0,1,0,0,0,0,,0,0,0,0,,,,,,,,,,
1062,甄姬,2,0,resource/skill_pic/xiahoudun_attack4,csv/bullet_act/xiahoudun_attack4.csv,0,0,1,0,0,0,0,,0,0,-40,50,,,,,,,,,,
1063,甄姬,,,,,0,0,1,0,0,0,0,,0,0,0,0,,,,,,,,,,
1064,马云禄,2,0,resource/skill_pic/zhangxingcai_dihuo,csv/bullet_act/zhangxingcai_dihuo.csv,0,0,1,0,0,0,0,,0,0,0,0,,,,,,,,,,
1065,马云禄,2,0,resource/skill_pic/zhangliao_attack4,csv/bullet_act/zhangliao_attack4.csv,0,0,1,0,0,0,0,,0,0,0,55,,,,,,,,,,
1066,马云禄,1,0,resource/skill_pic/zhurongfuren_attack2,csv/bullet_act/zhurongfuren_attack2.csv,0,0,1,0,0,0,0,,0,0,0,50,,,,,,,,,,
1067,孙策,1,0,resource/skill_pic/null,csv/bullet_act/null.csv,0,0,1,0,0,0,0,,0,0,0,0,,,,,,,,,,
1068,孙策,3,800,resource/skill_pic/sunce_attack3,csv/bullet_act/sunce_attack3.csv,0,0,1,0,0,0,0,,0,0,0,0,,,,,,,,,,
1069,孙策,1,0,resource/skill_pic/null,csv/bullet_act/sunce_attack4.csv,0,0,1,0,0,0,0,,0,0,25,120,,,,,,,,,,
1070,曹仁,1,0,resource/skill_pic/zhangxingcai_attack4,csv/bullet_act/zhangxingcai_attack4.csv,0,0,1,0,0,0,0,,,,80,35,,,,,,,,,,
1071,曹仁,2,0,resource/skill_pic/caoren_attack3,csv/bullet_act/caoren_attack3.csv,0,0,1,0,0,0,0,,0,0,0,0,,,,,,,,,,
1072,曹仁,2,0,resource/skill_pic/caoren_attack4,csv/bullet_act/caoren_attack4.csv,0,0,1,0,0,0,0,,0,0,150,150,20,-10,,,,,,,,
1073,张郃,2,0,resource/skill_pic/debuff_atk,csv/bullet_act/debuff_general.csv,resource/skill_icon/debuff_atk.png,0,1,0,0,0,0,,0,0,0,0,,,,,,,,,,
1074,张郃,,,,,0,0,1,0,0,0,0,,0,0,0,0,,,,,,,,,,
1075,张郃,1,0,resource/skill_pic/zhurongfuren_attack2,csv/bullet_act/zhurongfuren_attack2.csv,0,0,1,0,0,0,0,,0,0,0,50,,,,,,,,,,
1076,孙坚,3,800,resource/skill_pic/sunjian_attack2,csv/bullet_act/sunjian_attack2.csv,,0,1,,1,,,,120,120,,,0,0,,,,,,,,
1077,孙坚,2,0,resource/skill_pic/sunjian_attack3,csv/bullet_act/sunjian_attack3.csv,,0,1,,,,,,0,0,,,0,0,,,,,,,,
1078,孙坚,2,,resource/skill_pic/sunjian_attack4,csv/bullet_act/sunjian_attack4.csv,,0,1,,1,,,,150,150,-90,130,0,0,,,,,,,,
1079,关银屏,2,0,resource/skill_pic/xiahoudun_dici,csv/bullet_act/xiahoudun_dici.csv,,0,1,,1,100,1,,90,90,,,20,60,,,,,,,,
1080,关银屏,,,,,0,0,1,0,0,0,0,,0,0,0,0,,,,,,,,,,
1081,关银屏,,,,,0,0,1,0,0,0,0,,0,0,0,0,,,,,,,,,,
1082,张星彩,2,0,resource/skill_pic/zhangxingcai_shouji,csv/bullet_act/zhangxingcai_shouji.csv,0,0,1,0,0,0,0,,0,0,0,0,,,,,,,,,,
1083,张星彩,2,0,resource/skill_pic/zhangxingcai_attack3,csv/bullet_act/zhangxingcai_shouji.csv,0,0,1,0,0,0,0,,0,0,0,0,,,,,,,,,,
1084,张星彩,1,0,resource/skill_pic/zhangxingcai_attack4,csv/bullet_act/zhangxingcai_attack4.csv,0,0,1,0,0,0,0,,0,0,0,40,,,,,,,,,,
1085,徐庶,2,0,resource/skill_pic/pangtong_attack2,csv/bullet_act/pangtong_attack2.csv,0,0,1,0,0,0,0,,120,120,0,0,10,50,,,,,,,,
1086,徐庶,1,0,resource/skill_pic/null,csv/bullet_act/null.csv,0,0,1,0,0,0,0,,90,90,0,50,,,,,,,,,,
1087,徐庶,1,0,resource/skill_pic/zhurongfuren_attack2,csv/bullet_act/zhurongfuren_attack2.csv,0,0,1,0,0,0,0,,0,0,0,50,,,,,,,,,,
1088,太史慈,3,800,resource/skill_pic/taishici_attack4,csv/bullet_act/taishici_attack4.csv,0,0,1,0,0,0,0,1,0,0,0,0,,,,,,,,,,
1089,太史慈,1,,resource/skill_pic/null,csv/bullet_act/taishici_attack3.csv,0,0,1,0,0,0,0,,0,0,0,55,,,,,,,,,,
1090,太史慈,2,0,resource/skill_pic/taishici_jian2,csv/bullet_act/taishici_jian2.csv,0,0,1,0,0,0,0,,150,150,,60,,,,,,,,,,
1091,黄忠,3,800,resource/skill_pic/huangzhong_attack2,csv/bullet_act/huangzhong_attack2.csv,0,0,1,0,0,0,0,,0,0,0,0,,,,,,,,,,
1092,黄忠,2,0,resource/skill_pic/huangzhong_attack3,csv/bullet_act/huangzhong_attack3.csv,0,0,1,0,0,0,0,,120,120,0,80,,80,,,,,,,,
1093,黄忠,2,0,resource/skill_pic/null,csv/bullet_act/null.csv,0,0,1,0,0,0,0,,0,0,0,90,,,,,,,,,,
1094,郭女王,2,0,resource/skill_pic/guonvwang_attack2,csv/bullet_act/guonvwang_attack2.csv,0,0,1,0,0,0,0,,0,0,0,0,0,80,,,,,,,,
1095,郭女王,3,800,resource/skill_pic/guonvwang_attack3,csv/bullet_act/guonvwang_attack3.csv,0,0,1,0,0,0,0,,0,0,0,0,,,,,,,,,,
1096,郭女王,2,,resource/skill_pic/buff_atk,csv/bullet_act/buff_general.csv,,0,1,,,,,,,,,,0,0,,,,,,,,
1097,司马徽,2,,resource/skill_pic/huatuo_skill,csv/bullet_act/huatuo_skill.csv,0,0,1,0,0,0,0,,0,0,40,80,0,120,,,,,,,,
1098,司马徽,,,,,,0,1,0,0,0,0,,0,0,0,0,,,,,,,,,,
1099,司马徽,,,,,,0,1,0,0,0,0,,0,0,0,0,,,,,,,,,,
1100,许褚,2,0,resource/skill_pic/line_sword,csv/bullet_act/line_sword.csv,0,0,1,0,0,0,0,,0,0,0,0,,,,,,,,,,
1101,许褚,2,0,resource/skill_pic/pangtong_attack4,csv/bullet_act/pangtong_attack4.csv,0,0,1,0,0,0,0,,0,0,0,0,,,,,,,,,,
1102,许褚,1,0,resource/skill_pic/pangtong_attack4,csv/bullet_act/pangtong_attack4.csv,0,0,1,0,0,0,0,,0,0,0,30,,,,,,,,,,
1103,甘宁,2,0,resource/skill_pic/ganning_attack2,csv/bullet_act/ganning_attack2.csv,0,0,1,0,0,0,0,,0,0,0,0,,,,,,,,,,
1104,甘宁,1,0,resource/skill_pic/null,csv/bullet_act/null.csv,0,0,1,0,0,0,0,,0,0,0,0,,,,,,,,,,
1105,甘宁,2,0,resource/skill_pic/ganning_attack4,csv/bullet_act/ganning_attack4.csv,0,0,1,0,0,0,1,,0,0,0,0,,,,,,,,,,
1106,黄月英,7,,resource/skill_pic/huangyueying_attack3,csv/bullet_act/huangyueying_attack3.csv,,0,1,,,,,,120,120,,,0,-33,,,,,,,,
1107,黄月英,2,,resource/skill_pic/huangyueying_attack4,csv/bullet_act/huangyueying_attack4.csv,,0,1,,,,,,0,0,,,0,0,,,,,,,,
1108,黄月英,1,0,resource/skill_pic/null,csv/bullet_act/null.csv,,0,1,,,,,,0,0,,,0,0,,,,,,,,
1109,蔡文姬,3,1000,resource/skill_pic/caiwenji_attack2,csv/bullet_act/caiwenji_attack2.csv,0,0,1,0,0,0,0,,100,100,0,0,,,,,,,,,,
1110,蔡文姬,2,,resource/skill_pic/caiwenji_skill,csv/bullet_act/caiwenji_skill.csv,0,0,1,0,0,0,0,,100,100,0,0,,10,,,,,,,,
1111,蔡文姬,1,,resource/skill_pic/zhugeguo_attack4,csv/bullet_act/zhugeguo_attack4.csv,0,0,1,0,0,0,0,,100,100,0,110,,,,,,,,,,
1112,大乔,3,800,resource/skill_pic/daqiao_attack3,csv/bullet_act/daqiao_attack3.csv,0,0,1,0,0,0,0,,0,0,0,0,,,,,,,,,,
1113,大乔,6,800,resource/skill_pic/daqiao_attack4,csv/bullet_act/daqiao_attack4.csv,0,0,1,0,0,0,0,,0,0,-60,80,,,,,,,,,,
1114,大乔,3,600,resource/skill_pic/qinfeng2,csv/bullet_act/qinfeng2.csv,,0,1,,,,,,,,,,-10,0,,,,,,,,
1115,张昭,4,600,resource/skill_pic/debuff_def,csv/bullet_act/debuff_general.csv,resource/skill_icon/debuff_def.png,0,1,0,0,0,0,,0,0,0,0,,,,,,,,,,
1116,张昭,,,,,0,0,1,0,0,0,0,,0,0,0,0,,,,,,,,,,
1117,张昭,,,,,0,0,1,0,0,0,0,,0,0,0,0,,,,,,,,,,
1118,步练师,2,0,resource/skill_pic/bulianshi_attack2,csv/bullet_act/bulianshi_attack2.csv,,0,1,,,,,,0,0,,,0,0,,,,,,,,
1119,步练师,2,0,resource/skill_pic/bulianshi_attack3,csv/bullet_act/bulianshi_attack3.csv,,0,1,,,,,,0,0,,,0,0,,,,,,,,
1120,步练师,1,0,resource/skill_pic/null,csv/bullet_act/null.csv,,0,1,,,,,,0,0,,,0,0,,,,,,,,
1121,司马昭,2,0,resource/skill_pic/pangtong_attack2,csv/bullet_act/pangtong_attack2.csv,0,0,1,0,0,0,0,,120,120,0,0,10,50,,,,,,,,
1122,司马昭,,,,,0,0,1,0,0,0,0,,0,0,0,0,,,,,,,,,,
1123,司马昭,,,,,0,0,1,0,0,0,0,,0,0,0,0,,,,,,,,,,
1124,司马师,2,0,resource/skill_pic/pangtong_attack2,csv/bullet_act/pangtong_attack2.csv,0,0,1,0,0,0,0,,120,120,0,0,10,50,,,,,,,,
1125,司马师,,,,,0,0,1,0,0,0,0,,0,0,0,0,,,,,,,,,,
1126,司马师,,,,,0,0,1,0,0,0,0,,0,0,0,0,,,,,,,,,,
1127,甘夫人,3,600,resource/skill_pic/ganfuren_attack2,csv/bullet_act/ganfuren_attack2.csv,,0,1,,,,,,90,90,,,0,0,,,,,,,,
1128,甘夫人,2,0,resource/skill_pic/ganfuren_attack3,csv/bullet_act/ganfuren_attack3.csv,,0,1,,1,200,,,120,120,,,0,70,,,,,,,,
1129,甘夫人,3,600,resource/skill_pic/ganfuren_attack4,csv/bullet_act/ganfuren_attack4.csv,,0,1,,,,,,120,120,,,0,0,,,,,,,,
1130,张春华,2,0,resource/skill_pic/xiahoudun_dici,csv/bullet_act/xiahoudun_dici.csv,,0,1,,1,100,1,,90,90,,,20,60,,,,,,,,
1131,张春华,,,,,0,0,1,0,0,0,0,,0,0,0,0,,,,,,,,,,
1132,张春华,,,,,0,0,1,0,0,0,0,,0,0,0,0,,,,,,,,,,
1133,王异,2,0,resource/skill_pic/wangyi_attack2,csv/bullet_act/wangyi_attack2.csv,,0,1,,,,,,110,110,,,0,40,,,,,,,,
1134,王异,2,,resource/skill_pic/wangyi_attack3,csv/bullet_act/wangyi_attack3.csv,,0,1,,1,,,,130,130,,,-30,100,,,,,,,,
1135,王异,2,0,resource/skill_pic/wangyi_attack4,csv/bullet_act/wangyi_attack4.csv,,0,1,,,,,,50,50,,,0,0,,,,,,,,
1136,王元姬,2,0,resource/skill_pic/wangyuanji_attack2,csv/bullet_act/wangyuanji_attack2.csv,0,0,1,0,0,0,0,,140,140,0,35,,,,,,,,,,
1137,王元姬,2,0,resource/skill_pic/wangyuanji_attack3,csv/bullet_act/wangyuanji_attack3.csv,0,0,1,0,0,0,0,,0,0,0,0,,,,,,,,,,
1138,王元姬,1,0,resource/skill_pic/zhangliao_attack4,csv/bullet_act/zhangliao_attack4.csv,0,0,1,0,0,0,0,,0,0,0,60,,,,,,,,,,
1139,姜维,2,0,resource/skill_pic/zhangxingcai_dihuo,csv/bullet_act/zhangxingcai_dihuo.csv,0,0,1,0,0,0,0,,0,0,0,0,,,,,,,,,,
1140,姜维,,,,,0,0,1,0,0,0,0,,0,0,0,0,,,,,,,,,,
1141,姜维,1,0,resource/skill_pic/zhurongfuren_attack2,csv/bullet_act/zhurongfuren_attack2.csv,0,0,1,0,0,0,0,,0,0,0,50,,,,,,,,,,
1142,乐进,4,600,resource/skill_pic/xiaoqiao_attack1,csv/bullet_act/xiaoqiao_attack1.csv,0,0,1,0,0,0,0,,0,0,0,0,,,,,,,,,,
1143,乐进,2,0,resource/skill_pic/xiahoudun_attack4,csv/bullet_act/xiahoudun_attack4.csv,0,0,1,0,0,0,0,,0,0,0,50,,,,,,,,,,
1144,乐进,,,,,0,0,1,0,0,0,0,,0,0,0,0,,,,,,,,,,
1145,张绣,2,0,resource/skill_pic/zhangxiu_attack1,csv/bullet_act/zhangxiu_attack1.csv,0,0,1,0,0,0,0,,0,0,0,0,,,,,,,,,,
1146,张绣,2,0,resource/skill_pic/zhangxiu_attack1,csv/bullet_act/zhangxiu_attack1.csv,0,0,1,0,0,0,0,,0,0,0,0,,,,,,,,,,
1147,张绣,2,0,resource/skill_pic/null,csv/bullet_act/zhangxiu_attack4.csv,0,0,1,0,0,0,0,,0,0,0,0,,,,,,,,,,
1148,夏侯渊,3,800,resource/skill_pic/xiahouyuan_attack2,csv/bullet_act/xiahouyuan_attack2.csv,0,0,1,0,0,0,0,,0,0,50,30,,,,,,,,,,
1149,夏侯渊,2,0,resource/skill_pic/xiahouyuan_attack4,csv/bullet_act/xiahouyuan_attack4.csv,0,0,1,0,0,80,80,,0,0,100,0,,,,,,,,,,
1150,夏侯渊,1,0,resource/skill_pic/pangtong_attack4,csv/bullet_act/pangtong_attack4.csv,0,0,1,0,0,0,0,,0,0,0,30,,,,,,,,,,
1151,文丑,2,,resource/skill_pic/wenchou_attack2,csv/bullet_act/wenchou_attack2.csv,,0,1,,,,,,0,0,,,0,0,,,,,,,,
1152,文丑,2,,resource/skill_pic/wenchou_attack3,csv/bullet_act/buff_null.csv,,0,1,,,,,,0,0,,,0,0,,,,,,,,
1153,文丑,1,,resource/skill_pic/null,csv/bullet_act/wenchou_attack4.csv,,0,1,,,,,,0,0,,,0,0,,,,,,,,
1154,纪灵,2,0,resource/skill_pic/jiling_attack2,csv/bullet_act/jiling_attack2.csv,,0,1,,,,,,120,120,,,0,-30,,,,,,,,
1155,纪灵,2,0,resource/skill_pic/jiling_attack3,csv/bullet_act/jiling_attack3.csv,,0,1,,,,,,,,,,0,0,,,,,,,,
1156,纪灵,1,0,resource/skill_pic/null,csv/bullet_act/jiling_attack4.csv,,0,1,,,,,,120,120,,130,0,0,,,,,,,,
1157,程普,2,,resource/skill_pic/chengpu_attack2,csv/bullet_act/chengpu_attack2.csv,,0,1,,,,,,120,120,,,0,0,,,,,,,,
1158,程普,1,,resource/skill_pic/null,csv/bullet_act/chengpu_attack3.csv,,0,1,,,,,,,,,,0,0,,,,,,,,
1159,程普,1,,resource/skill_pic/null,csv/bullet_act/chengpu_attack4.csv,,0,1,,,,,,,,,,0,0,,,,,,,,
1160,关兴,2,0,resource/skill_pic/line_spear,csv/bullet_act/line_spear.csv,0,0,1,0,0,0,0,,0,0,0,0,,,,,,,,,,
1161,关兴,,,,,0,0,1,0,0,0,0,,0,0,0,0,,,,,,,,,,
1162,关兴,1,0,resource/skill_pic/pangtong_attack4,csv/bullet_act/pangtong_attack4.csv,0,0,1,0,0,0,0,,0,0,0,30,,,,,,,,,,
1163,张苞,2,0,resource/skill_pic/line_spear,csv/bullet_act/line_spear.csv,0,0,1,0,0,0,0,,0,0,0,0,,,,,,,,,,
1164,张苞,1,,resource/skill_pic/buff_gedang,csv/bullet_act/buff_gedang.csv,0,0,1,0,0,0,0,,0,0,0,0,,,,,,,,,,
1165,张苞,1,,resource/skill_pic/zhangxingcai_attack4,csv/bullet_act/zhangxingcai_attack4.csv,0,0,1,0,0,0,0,,0,0,0,40,,,,,,,,,,
1166,颜良,2,,resource/skill_pic/yanliang_attack2,csv/bullet_act/yanliang_attack2.csv,,0,1,,,,,,,,,,0,0,,,,,,,,
1167,颜良,2,0,resource/skill_pic/yanliang_attack3,csv/bullet_act/yanliang_attack3.csv,,0,1,,1,,,,,,,,0,0,,,,,,,,
1168,颜良,1,,resource/skill_pic/yanliang_attack4,csv/bullet_act/yanliang_attack4.csv,,0,1,,,,,,110,110,0,100,0,0,,,,,,,,
1169,吕蒙,2,0,resource/skill_pic/lvmeng_attack2,csv/bullet_act/lvmeng_attack2.csv,0,0,1,0,0,0,0,,0,0,80,0,50,,,,,,,,,
1170,吕蒙,2,0,resource/skill_pic/lvmeng_attack4,csv/bullet_act/lvmeng_attack4.csv,0,0,1,0,0,0,0,,0,0,106,106,30,20,,,,,,,,
1171,吕蒙,2,0,resource/skill_pic/lvmeng_attack3,csv/bullet_act/lvmeng_attack3.csv,0,0,1,0,0,0,0,,0,0,0,120,,20,,,,,,,,
1172,鲁肃,2,0,resource/skill_pic/debuff_atk,csv/bullet_act/debuff_general.csv,resource/skill_icon/debuff_atk.png,0,1,0,0,0,0,,0,0,0,0,,,,,,,,,,
1173,鲁肃,1,0,resource/skill_pic/null,csv/bullet_act/null.csv,0,0,1,0,0,0,0,,0,0,0,90,,,,,,,,,,
1174,鲁肃,1,0,resource/skill_pic/zhurongfuren_attack2,csv/bullet_act/zhurongfuren_attack2.csv,0,0,1,0,0,0,0,,0,0,0,50,,,,,,,,,,
1175,祝融夫人,1,0,resource/skill_pic/zhurongfuren_attack2,csv/bullet_act/zhurongfuren_attack2.csv,0,0,1,0,0,0,0,,0,0,0,50,,,,,,,,,,
1176,祝融夫人,3,800,resource/skill_pic/zhurongfuren_attack3,csv/bullet_act/zhurongfuren_attack3.csv,0,0,1,0,0,0,0,,0,0,0,0,,,,,,,,,,
1177,祝融夫人,1,0,resource/skill_pic/null,csv/bullet_act/zhurongfuren_attack4.csv,0,0,1,0,0,0,0,,0,0,0,80,,,,,,,,,,
1178,鲍三娘,2,0,resource/skill_pic/line_sword,csv/bullet_act/line_sword.csv,0,0,1,0,0,0,0,,0,0,0,0,,,,,,,,,,
1179,鲍三娘,1,,resource/skill_pic/zhangxingcai_attack4,csv/bullet_act/zhangxingcai_attack4.csv,0,0,1,0,0,0,0,,0,0,0,40,,,,,,,,,,
1180,鲍三娘,1,0,resource/skill_pic/null,csv/bullet_act/null.csv,0,0,1,0,0,0,0,,0,0,0,90,,,,,,,,,,
1181,荀彧,,,resource/skill_pic/debuff_def,csv/bullet_act/debuff_general.csv,resource/skill_icon/debuff_def.png,0,1,0,0,0,0,,0,0,0,0,,,,,,,,,,
1182,荀彧,,,,,0,0,1,0,0,0,0,,0,0,0,0,,,,,,,,,,
1183,荀彧,1,,resource/skill_pic/zhangxingcai_attack4,csv/bullet_act/zhangxingcai_attack4.csv,0,0,1,0,0,0,0,,0,0,0,40,,,,,,,,,,
1184,贾诩,2,0,resource/skill_pic/jiaxu_attack2,csv/bullet_act/jiaxu_attack2.csv,,0,1,,,,,,0,0,,,0,50,,,,,,,,
1185,贾诩,2,0,resource/skill_pic/jiaxu_attack3,csv/bullet_act/jiaxu_attack3.csv,,0,1,,,,,,0,0,,,0,0,,,,,,,,
1186,贾诩,2,0,resource/skill_pic/jiaxu_attack4,csv/bullet_act/jiaxu_attack4.csv,,0,1,,,,,,0,0,,,0,50,,,,,,,,
1187,庞统,2,0,resource/skill_pic/pangtong_attack2,csv/bullet_act/pangtong_attack2.csv,0,0,1,0,0,0,0,,120,120,0,0,0,60,,,,,,,,
1188,庞统,8,0,resource/skill_pic/pangtong_attack3,csv/bullet_act/pangtong_attack3.csv,0,0,1,0,0,0,0,1,0,0,0,80,,,,,,,,,,
1189,庞统,1,0,resource/skill_pic/pangtong_attack4,csv/bullet_act/pangtong_attack4.csv,0,0,1,0,0,0,0,,0,0,0,60,,,,,,,,,,
1190,凌统,2,,resource/skill_pic/huatuo_skill,csv/bullet_act/huatuo_skill.csv,0,0,1,0,0,0,0,,0,0,40,80,0,120,,,,,,,,
1191,凌统,,,,,0,0,1,0,0,0,0,,0,0,0,0,,,,,,,,,,
1192,凌统,1,,resource/skill_pic/zhangxingcai_attack4,csv/bullet_act/zhangxingcai_attack4.csv,0,0,1,0,0,0,0,,0,0,0,40,,,,,,,,,,
1193,孙鲁班,,,resource/skill_pic/huatuo_skill,csv/bullet_act/huatuo_skill.csv,0,0,1,0,0,0,0,,0,0,40,80,0,120,,,,,,,,
1194,孙鲁班,,,,,0,0,1,0,0,0,0,,0,0,0,0,,,,,,,,,,
1195,孙鲁班,2,0,resource/skill_pic/xiahoudun_attack4,csv/bullet_act/xiahoudun_attack4.csv,0,0,1,0,0,0,0,,0,0,0,50,,,,,,,,,,
1196,韩当,2,,resource/skill_pic/huatuo_skill,csv/bullet_act/huatuo_skill.csv,0,0,1,0,0,0,0,,0,0,40,80,0,120,,,,,,,,
1197,韩当,,,,,0,0,1,0,0,0,0,,0,0,0,0,,,,,,,,,,
1198,韩当,,,,,0,0,1,0,0,0,0,,0,0,0,0,,,,,,,,,,
1199,于禁,3,800,resource/skill_pic/yujin_attack2,csv/bullet_act/yujin_attack2.csv,0,0,1,0,0,0,0,,0,0,0,0,,,,,,,,,,
1200,于禁,3,800,resource/skill_pic/yujin_attack3,csv/bullet_act/yujin_attack3.csv,0,0,1,0,0,0,0,,0,0,0,0,,,,,,,,,,
1201,于禁,1,,resource/skill_pic/null,csv/bullet_act/yujin_attack4.csv,0,0,1,0,0,0,0,,0,0,0,0,,,,,,,,,,
1202,陆抗,2,,resource/skill_pic/huatuo_skill,csv/bullet_act/huatuo_skill.csv,0,0,1,0,0,0,0,,0,0,40,80,0,120,,,,,,,,
1203,陆抗,1,0,resource/skill_pic/null,csv/bullet_act/null.csv,0,0,1,0,0,0,0,,0,0,0,90,,,,,,,,,,
1204,陆抗,,,,,0,0,1,0,0,0,0,,0,0,0,0,,,,,,,,,,
1205,孟获,1,0,resource/skill_pic/menghuo_attack3,csv/bullet_act/menghuo_attack3.csv,0,0,1,0,0,0,0,,110,110,0,65,,,,,,,,,,
1206,孟获,2,0,resource/skill_pic/menghuo_attack2,csv/bullet_act/menghuo_attack2.csv,0,0,1,0,0,0,0,,0,0,30,140,50,50,,,,,,,,
1207,孟获,2,0,resource/skill_pic/menghuo_attack4,csv/bullet_act/menghuo_attack4.csv,0,0,1,0,0,0,0,,0,0,0,95,,,,,,,,,,
1208,徐晃,2,0,resource/skill_pic/xuhuang_attack2,csv/bullet_act/xuhuang_attack2.csv,,0,1,,,,,,,,,,0,0,,,,,,,,
1209,徐晃,2,0,resource/skill_pic/xuhuang_attack3,csv/bullet_act/xuhuang_attack3.csv,,0,1,,,,,,,,,,0,0,,,,,,,,
1210,徐晃,1,,resource/skill_pic/null,csv/bullet_act/xuhuang_attack4.csv,,0,1,,,,,,,,,,0,0,,,,,,,,
1211,魏延,2,0,resource/skill_pic/weiyan_attack2,csv/bullet_act/weiyan_attack2.csv,,0,1,,,,,,90,90,,,0,0,,,,,,,,
1212,魏延,2,0,resource/skill_pic/weiyan_attack3,csv/bullet_act/weiyan_attack3.csv,0,0,1,0,0,0,0,,90,90,0,0,-73,45,,,,,,,,
1213,魏延,1,0,resource/skill_pic/weiyan_attack4,csv/bullet_act/weiyan_attack4.csv,0,0,1,0,0,0,0,,0,0,0,0,,,,,,,,,,
1214,周泰,2,0,resource/skill_pic/zhoutai_attack2,csv/bullet_act/zhoutai_attack2.csv,0,0,1,0,0,0,0,,0,0,0,0,-80,,,,,,,,,
1215,周泰,1,0,resource/skill_pic/null,csv/bullet_act/null.csv,0,0,1,0,0,0,0,,0,0,0,90,,,,,,,,,,
1216,周泰,1,0,resource/skill_pic/null,csv/bullet_act/null.csv,0,0,1,0,0,0,0,,0,0,0,0,,,,,,,,,,
1217,黄盖,2,0,resource/skill_pic/line_sword,csv/bullet_act/line_sword.csv,0,0,1,0,0,0,0,,0,0,0,0,,,,,,,,,,
1218,黄盖,1,,resource/skill_pic/buff_gedang,csv/bullet_act/buff_gedang.csv,0,0,1,0,0,0,0,,0,0,0,0,,,,,,,,,,
1219,黄盖,1,,resource/skill_pic/zhangxingcai_attack4,csv/bullet_act/zhangxingcai_attack4.csv,0,0,1,0,0,0,0,,0,0,0,40,,,,,,,,,,
1220,典韦,2,0,resource/skill_pic/xiahoudun_dici,csv/bullet_act/xiahoudun_dici.csv,,0,1,,1,100,1,,90,90,,,20,60,,,,,,,,
1221,典韦,1,,resource/skill_pic/buff_gedang,csv/bullet_act/buff_gedang.csv,0,0,1,0,0,0,0,,0,0,0,0,,,,,,,,,,
1222,典韦,,,,,0,0,1,0,0,0,0,,0,0,0,0,,,,,,,,,,
1223,曹丕,3,600,resource/skill_pic/caopi_attack2,csv/bullet_act/caopi_attack2.csv,0,0,1,0,0,0,0,,0,0,0,0,,,,,,,,,,
1224,曹丕,2,,resource/skill_pic/huatuo_skill,csv/bullet_act/huatuo_skill.csv,0,0,1,0,0,0,0,,0,0,40,80,0,120,,,,,,,,
1225,曹丕,1,,resource/skill_pic/caopi_attack4,csv/bullet_act/caopi_attack4.csv,0,0,1,0,0,0,0,,0,0,10,67,,,,,,,,,,
1226,法正,2,0,resource/skill_pic/pangtong_attack2,csv/bullet_act/pangtong_attack2.csv,0,0,1,0,0,0,0,,120,120,0,0,10,50,,,,,,,,
1227,法正,1,,resource/skill_pic/caopi_attack4,csv/bullet_act/caopi_attack4.csv,0,0,1,0,0,0,0,,0,0,10,67,,,,,,,,,,
1228,法正,1,0,resource/skill_pic/null,csv/bullet_act/null.csv,0,0,1,0,0,0,0,,90,90,0,50,,,,,,,,,,
1229,邓艾,2,0,resource/skill_pic/line_spear,csv/bullet_act/line_spear.csv,0,0,1,0,0,0,0,,0,0,0,0,,,,,,,,,,
1230,邓艾,,,,,0,0,1,0,0,0,0,,0,0,0,0,,,,,,,,,,
1231,邓艾,2,0,resource/skill_pic/xiahoudun_attack4,csv/bullet_act/xiahoudun_attack4.csv,0,0,1,0,0,0,0,,0,0,0,50,,,,,,,,,,
1232,华雄,2,0,resource/skill_pic/huaxiong_attack2,csv/bullet_act/huaxiong_attack2.csv,,0,1,,,,,,0,0,,,0,20,,,,,,,,
1233,华雄,2,0,resource/skill_pic/huaxiong_attack3,csv/bullet_act/huaxiong_attack3.csv,,0,1,,,,,,0,0,,,0,20,,,,,,,,
1234,华雄,1,,resource/skill_pic/huaxiong_attack4,csv/bullet_act/huaxiong_attack4.csv,,0,1,,1,200,,,0,0,,,0,0,,,,,,,,
1235,袁术,2,,resource/skill_pic/huatuo_skill,csv/bullet_act/huatuo_skill.csv,0,0,1,0,0,0,0,,0,0,40,80,0,120,,,,,,,,
1236,袁术,2,0,resource/skill_pic/zhurongfuren_attack2,csv/bullet_act/zhurongfuren_attack2.csv,0,0,1,0,0,0,0,,0,0,0,0,,,,,,,,,,
1237,袁术,1,0,resource/skill_pic/null,csv/bullet_act/null.csv,0,0,1,0,0,0,0,,0,0,0,90,,,,,,,,,,
1238,公孙瓒,2,0,resource/skill_pic/null,csv/bullet_act/gongsunzan_attack2.csv,,0,1,,,,,,0,0,,,0,0,,,,,,,,
1239,公孙瓒,2,0,resource/skill_pic/gongsunzan_attack4,csv/bullet_act/gongsunzan_attack4.csv,,0,1,,,,,,0,0,,,0,0,,,,,,,,
1240,公孙瓒,2,0,resource/skill_pic/null,csv/bullet_act/null.csv,,0,1,,,,,,0,0,,,0,0,,,,,,,,
1241,曹洪,2,0,resource/skill_pic/fall_sword,csv/bullet_act/fall_sword.csv,0,0,1,0,0,0,0,,0,0,0,0,,40,,,,,,,,
1242,曹洪,1,,resource/skill_pic/buff_gedang,csv/bullet_act/buff_gedang.csv,0,0,1,0,0,0,0,,0,0,0,0,,,,,,,,,,
1243,曹洪,1,0,resource/skill_pic/null,csv/bullet_act/null.csv,0,0,1,0,0,0,0,,0,0,0,90,,,,,,,,,,
1244,袁绍,2,0,resource/skill_pic/yuanshao_attack2,csv/bullet_act/yuanshao_attack2.csv,,0,1,,,,1,,120,120,,,0,50,,,,,,,,
1245,袁绍,2,0,resource/skill_pic/yuanshao_attack3,csv/bullet_act/yuanshao_attack3.csv,,0,1,,1,,,,150,120,,,-10,70,,,,,,,,
1246,袁绍,1,0,resource/skill_pic/null,csv/bullet_act/yuanshao_attack4.csv,,0,1,,,,,,0,0,,,0,0,,,,,,,,
1247,文鸯,4,600,resource/skill_pic/xiaoqiao_attack1,csv/bullet_act/xiaoqiao_attack1.csv,0,0,1,0,0,0,0,,0,0,0,0,,,,,,,,,,
1248,文鸯,2,0,resource/skill_pic/xiahoudun_attack4,csv/bullet_act/xiahoudun_attack4.csv,0,0,1,0,0,0,0,,0,0,0,50,,,,,,,,,,
1249,文鸯,1,0,resource/skill_pic/pangtong_attack4,csv/bullet_act/pangtong_attack4.csv,0,0,1,0,0,0,0,,0,0,0,30,,,,,,,,,,
1250,张燕,2,0,resource/skill_pic/line_sword,csv/bullet_act/line_sword.csv,0,0,1,0,0,0,0,,0,0,0,0,,,,,,,,,,
1251,张燕,,,,,0,0,1,0,0,0,0,,0,0,0,0,,,,,,,,,,
1252,张燕,1,0,resource/skill_pic/zhurongfuren_attack2,csv/bullet_act/zhurongfuren_attack2.csv,0,0,1,0,0,0,0,,0,0,0,50,,,,,,,,,,
1253,荀攸,2,0,resource/skill_pic/zhugeguo_attack4,csv/bullet_act/zhugeguo_attack4.csv,0,0,1,0,0,0,0,,0,0,0,0,,10,,,,,,,,
1254,荀攸,1,0,resource/skill_pic/null,csv/bullet_act/null.csv,0,0,1,0,0,0,0,,0,0,0,90,,,,,,,,,,
1255,荀攸,1,0,resource/skill_pic/null,csv/bullet_act/null.csv,0,0,1,0,0,0,0,,0,0,0,90,,,,,,,,,,
1256,曹植,2,0,resource/skill_pic/pangtong_attack2,csv/bullet_act/pangtong_attack2.csv,0,0,1,0,0,0,0,,120,120,0,0,10,50,,,,,,,,
1257,曹植,1,,resource/skill_pic/caopi_attack4,csv/bullet_act/caopi_attack4.csv,0,0,1,0,0,0,0,,0,0,10,67,,,,,,,,,,
1258,曹植,,,,,0,0,1,0,0,0,0,,0,0,0,0,,,,,,,,,,
1259,张角,2,0,resource/skill_pic/zhangjiao_attack2,csv/bullet_act/zhangjiao_attack2.csv,,0,1,,,,,,,,,,0,0,,,,,,,,
1260,张角,2,0,resource/skill_pic/zhangjiao_attack3,csv/bullet_act/zhangjiao_attack3.csv,,0,1,,,,,,,,,,20,30,,,,,,,,
1261,张角,1,,resource/skill_pic/null,csv/bullet_act/zhangjiao_attack4.csv,,0,1,,,,,,,,,,0,0,,,,,,,,
1262,诸葛果,3,1000,resource/skill_pic/zhugeguo_attack2,csv/bullet_act/zhugeguo_attack2.csv,0,0,1,0,0,0,0,,120,120,0,0,,,,,,,,,,
1263,诸葛果,2,0,resource/skill_pic/zhugeguo_attack4,csv/bullet_act/zhugeguo_attack4.csv,0,0,1,0,0,0,0,,120,120,0,0,,10,,,,,,,,
1264,诸葛果,1,,resource/skill_pic/zhugeguo_attack3,csv/bullet_act/zhugeguo_attack3.csv,0,0,1,0,0,0,0,,120,120,0,110,,,,,,,,,,
1265,陈宫,2,0,resource/skill_pic/chengong_attack2,csv/bullet_act/chengong_attack2.csv,,0,1,,1,,,,0,0,,,0,0,,,,,,,,
1266,陈宫,1,0,resource/skill_pic/null,csv/bullet_act/chengong_attack3.csv,,0,1,,,,,,0,0,,,0,0,,,,,,,,
1267,陈宫,1,0,resource/skill_pic/null,csv/bullet_act/chengong_attack4.csv,,0,1,,,,,,0,0,,,0,0,,,,,,,,
1268,高顺,2,0,resource/skill_pic/gaoshun_attack2,csv/bullet_act/gaoshun_attack2.csv,,0,1,,,,,,0,0,,,10,40,,,,,,,,
1269,高顺,1,,resource/skill_pic/gaoshun_attack3,csv/bullet_act/gaoshun_attack3.csv,,0,1,,,,,,90,90,,0,0,0,,,,,,,,
1270,高顺,1,0,resource/skill_pic/null,csv/bullet_act/gaoshun_attack4.csv,,0,1,,,,,,0,0,,,0,0,,,,,,,,
1271,董卓,3,800,resource/skill_pic/dongzhuo_attack2,csv/bullet_act/dongzhuo_attack2.csv,,0,1,,,,,,0,0,,,0,0,,,,,,,,
1272,董卓,1,,resource/skill_pic/dongzhuo_attack3,csv/bullet_act/dongzhuo_attack3.csv,,0,1,,,,,,0,0,,,0,0,,,,,,,,
1273,董卓,2,,resource/skill_pic/dongzhuo_attack4,csv/bullet_act/dongzhuo_attack4.csv,,0,1,,1,,,,0,0,,,0,0,,,,,,,,
1274,辛宪英,2,0,resource/skill_pic/pangtong_attack2,csv/bullet_act/pangtong_attack2.csv,0,0,1,0,0,0,0,,120,120,0,0,10,50,,,,,,,,
1275,辛宪英,,,,,0,0,1,0,0,0,0,,0,0,0,0,,,,,,,,,,
1276,穆皇后,2,0,resource/skill_pic/pangtong_attack2,csv/bullet_act/pangtong_attack2.csv,0,0,1,0,0,0,0,,120,120,0,0,10,50,,,,,,,,
1277,穆皇后,,,,,0,0,1,0,0,0,0,,0,0,0,0,,,,,,,,,,
1278,敬哀皇后,2,0,resource/skill_pic/pangtong_attack2,csv/bullet_act/pangtong_attack2.csv,0,0,1,0,0,0,0,,120,120,0,0,10,50,,,,,,,,
1279,敬哀皇后,1,0,resource/skill_pic/null,csv/bullet_act/null.csv,0,0,1,0,0,0,0,,90,90,0,50,,,,,,,,,,
1280,卞夫人,2,0,resource/skill_pic/pangtong_attack2,csv/bullet_act/pangtong_attack2.csv,0,0,1,0,0,0,0,,120,120,0,0,10,50,,,,,,,,
1281,卞夫人,,,,,0,0,1,0,0,0,0,,0,0,0,0,,,,,,,,,,
1282,曹彰,2,0,resource/skill_pic/line_sword,csv/bullet_act/line_sword.csv,0,0,1,0,0,0,0,,0,0,0,0,,,,,,,,,,
1283,曹彰,,,,,0,0,1,0,0,0,0,,0,0,0,0,,,,,,,,,,
1284,马腾,2,0,resource/skill_pic/line_spear,csv/bullet_act/line_spear.csv,0,0,1,0,0,0,0,,0,0,0,0,,,,,,,,,,
1285,马腾,,,,,0,0,1,0,0,0,0,,0,0,0,0,,,,,,,,,,
1286,郭汜,2,0,resource/skill_pic/fall_sword,csv/bullet_act/fall_sword.csv,0,0,1,0,0,0,0,,0,0,0,0,,40,,,,,,,,
1287,郭汜,,,,,0,0,1,0,0,0,0,,0,0,0,0,,,,,,,,,,
1288,马良,2,0,resource/skill_pic/xiahoudun_dici,csv/bullet_act/xiahoudun_dici.csv,,0,1,,1,100,1,,90,90,,,20,60,,,,,,,,
1289,马良,1,0,resource/skill_pic/zhurongfuren_attack2,csv/bullet_act/zhurongfuren_attack2.csv,0,0,1,0,0,0,0,,0,0,0,50,,,,,,,,,,
1290,马谡,2,0,resource/skill_pic/xiahoudun_dici,csv/bullet_act/xiahoudun_dici.csv,,0,1,,1,100,1,,90,90,,,20,60,,,,,,,,
1291,马谡,2,0,resource/skill_pic/xiahoudun_attack4,csv/bullet_act/xiahoudun_attack4.csv,0,0,1,0,0,0,0,,0,0,0,50,,,,,,,,,,
1292,关索,2,0,resource/skill_pic/line_sword,csv/bullet_act/line_sword.csv,0,0,1,0,0,0,0,,0,0,0,0,,,,,,,,,,
1293,关索,1,0,resource/skill_pic/zhurongfuren_attack2,csv/bullet_act/zhurongfuren_attack2.csv,0,0,1,0,0,0,0,,0,0,0,50,,,,,,,,,,
1294,马忠,2,0,resource/skill_pic/line_spear,csv/bullet_act/line_spear.csv,0,0,1,0,0,0,0,,0,0,0,0,,,,,,,,,,
1295,马忠,1,0,resource/skill_pic/pangtong_attack4,csv/bullet_act/pangtong_attack4.csv,0,0,1,0,0,0,0,,0,0,0,30,,,,,,,,,,
1296,吕范,2,0,resource/skill_pic/xiahoudun_dici,csv/bullet_act/xiahoudun_dici.csv,,0,1,,1,100,1,,90,90,,,20,60,,,,,,,,
1297,吕范,1,,resource/skill_pic/zhangxingcai_attack4,csv/bullet_act/zhangxingcai_attack4.csv,0,0,1,0,0,0,0,,0,0,0,40,,,,,,,,,,
1298,陈武,2,0,resource/skill_pic/zhangxingcai_dihuo,csv/bullet_act/zhangxingcai_dihuo.csv,0,0,1,0,0,0,0,,0,0,0,0,,,,,,,,,,
1299,陈武,1,,resource/skill_pic/zhangxingcai_attack4,csv/bullet_act/zhangxingcai_attack4.csv,0,0,1,0,0,0,0,,0,0,0,40,,,,,,,,,,
1300,陈登,2,0,resource/skill_pic/xiahoudun_dici,csv/bullet_act/xiahoudun_dici.csv,,0,1,,1,100,1,,90,90,,,20,60,,,,,,,,
1301,陈登,1,,resource/skill_pic/zhangxingcai_attack4,csv/bullet_act/zhangxingcai_attack4.csv,0,0,1,0,0,0,0,,0,0,0,40,,,,,,,,,,
1302,郭淮,2,0,resource/skill_pic/line_spear,csv/bullet_act/line_spear.csv,0,0,1,0,0,0,0,,0,0,0,0,,,,,,,,,,
1303,郭淮,,,,,0,0,1,0,0,0,0,,0,0,0,0,,,,,,,,,,
1304,王双,2,0,resource/skill_pic/line_spear,csv/bullet_act/line_spear.csv,0,0,1,0,0,0,0,,0,0,0,0,,,,,,,,,,
1305,王双,2,,resource/skill_pic/xiahoudun_attack4,csv/bullet_act/xiahoudun_attack4xb.csv,,0,1,,,,,,0,0,75,50,0,0,,,,,,,,
1306,李异,2,0,resource/skill_pic/xiahoudun_dici,csv/bullet_act/xiahoudun_dici.csv,,0,1,,1,100,1,,90,90,,,20,60,,,,,,,,
1307,李异,1,0,resource/skill_pic/pangtong_attack4,csv/bullet_act/pangtong_attack4.csv,0,0,1,0,0,0,0,,0,0,0,30,,,,,,,,,,
1308,庞德,2,0,resource/skill_pic/xiahoudun_dici,csv/bullet_act/xiahoudun_dici.csv,,0,1,,1,100,1,,90,90,,,20,60,,,,,,,,
1309,庞德,3,1000,resource/skill_pic/lvmeng_skill,csv/bullet_act/lvmeng_skill.csv,,0,1,,,,,,130,130,125,80,,0,,,,,,,,
1310,周仓,2,0,resource/skill_pic/zhangxingcai_dihuo,csv/bullet_act/zhangxingcai_dihuo.csv,0,0,1,0,0,0,0,,0,0,0,0,,,,,,,,,,
1311,周仓,1,0,resource/skill_pic/pangtong_attack4,csv/bullet_act/pangtong_attack4.csv,0,0,1,0,0,0,0,,0,0,0,30,,,,,,,,,,
1312,陈到,2,0,resource/skill_pic/debuff_atk,csv/bullet_act/debuff_general.csv,resource/skill_icon/debuff_atk.png,0,1,0,0,0,0,,0,0,0,0,,,,,,,,,,
1313,陈到,1,,resource/skill_pic/caopi_attack4,csv/bullet_act/caopi_attack4.csv,0,0,1,0,0,0,0,,0,0,10,67,,,,,,,,,,
1314,关平,2,0,resource/skill_pic/zhangxingcai_dihuo,csv/bullet_act/zhangxingcai_dihuo.csv,0,0,1,0,0,0,0,,0,0,0,0,,,,,,,,,,
1315,关平,2,,resource/skill_pic/xiahoudun_attack4,csv/bullet_act/xiahoudun_attack4xb.csv,,0,1,,,,,,0,0,75,50,0,0,,,,,,,,
1316,马岱,2,0,resource/skill_pic/line_spear,csv/bullet_act/line_spear.csv,0,0,1,0,0,0,0,,0,0,0,0,,,,,,,,,,
1317,马岱,1,0,resource/skill_pic/pangtong_attack4,csv/bullet_act/pangtong_attack4.csv,0,0,1,0,0,0,0,,0,0,0,30,,,,,,,,,,
1318,糜夫人,2,0,resource/skill_pic/pangtong_attack2,csv/bullet_act/pangtong_attack2.csv,0,0,1,0,0,0,0,,120,120,0,0,10,50,,,,,,,,
1319,糜夫人,1,0,resource/skill_pic/zhurongfuren_attack2,csv/bullet_act/zhurongfuren_attack2.csv,0,0,1,0,0,0,0,,0,0,0,50,,,,,,,,,,
1320,杨修,2,0,resource/skill_pic/fall_sword,csv/bullet_act/fall_sword.csv,0,0,1,0,0,0,0,,0,0,0,0,,40,,,,,,,,
1321,杨修,2,0,resource/skill_pic/xiahoudun_attack4,csv/bullet_act/xiahoudun_attack4.csv,0,0,1,0,0,0,0,,0,0,0,50,,,,,,,,,,
1322,孔融,3,600,resource/skill_pic/pangtong_attack1,csv/bullet_act/pangtong_attack1.csv,,0,1,,,,,,150,150,,,0,0,,,,,,,,
1323,孔融,1,0,resource/skill_pic/null,csv/bullet_act/null.csv,0,0,1,0,0,0,0,,0,0,0,90,,,,,,,,,,
1324,祢衡,2,0,resource/skill_pic/fall_sword,csv/bullet_act/fall_sword.csv,0,0,1,0,0,0,0,,0,0,0,0,,40,,,,,,,,
1325,祢衡,2,0,resource/skill_pic/xiahoudun_attack4,csv/bullet_act/xiahoudun_attack4.csv,0,0,1,0,0,0,0,,0,0,0,50,,,,,,,,,,
1326,杨仪,2,0,resource/skill_pic/zhugeguo_attack4,csv/bullet_act/zhugeguo_attack4.csv,0,0,1,0,0,0,0,,0,0,0,0,,10,,,,,,,,
1327,杨仪,,,,,0,0,1,0,0,0,0,,0,0,0,0,,,,,,,,,,
1328,杜氏,2,,resource/skill_pic/huatuo_skill,csv/bullet_act/huatuo_skill.csv,0,0,1,0,0,0,0,,0,0,40,80,0,120,,,,,,,,
1329,杜氏,,,,,0,0,1,0,0,0,0,,0,0,0,0,,,,,,,,,,
1330,樊氏,2,0,resource/skill_pic/zhugeguo_attack4,csv/bullet_act/zhugeguo_attack4.csv,0,0,1,0,0,0,0,,0,0,0,0,,10,,,,,,,,
1331,樊氏,1,0,resource/skill_pic/null,csv/bullet_act/null.csv,0,0,1,0,0,0,0,,90,90,0,50,,,,,,,,,,
1332,蔡氏,2,0,resource/skill_pic/huatuo_skill,csv/bullet_act/huatuo_skill.csv,0,0,1,0,0,0,0,,0,0,40,80,0,120,,,,,,,,
1333,蔡氏,,,,,0,0,1,0,0,0,0,,0,0,0,0,,,,,,,,,,
1334,丁夫人,4,600,resource/skill_pic/qinfeng,csv/bullet_act/qinfeng.csv,0,0,1,0,0,0,0,,0,0,0,0,,,,,,,,,,
1335,丁夫人,1,0,resource/skill_pic/null,csv/bullet_act/null.csv,0,0,1,0,0,0,0,,0,0,0,90,,,,,,,,,,
1336,简雍,4,600,resource/skill_pic/xiaoqiao_attack1,csv/bullet_act/xiaoqiao_attack1.csv,0,0,1,0,0,0,0,,0,0,0,0,,,,,,,,,,
1337,简雍,1,0,resource/skill_pic/null,csv/bullet_act/null.csv,0,0,1,0,0,0,0,,90,90,0,50,,,,,,,,,,
1338,李典,2,0,resource/skill_pic/huatuo_skill,csv/bullet_act/huatuo_skill.csv,0,0,1,0,0,0,0,,0,0,40,80,0,120,,,,,,,,
1339,李典,1,0,resource/skill_pic/pangtong_attack4,csv/bullet_act/pangtong_attack4.csv,0,0,1,0,0,0,0,,0,0,0,30,,,,,,,,,,
1340,蒋钦,4,600,resource/skill_pic/xiaoqiao_attack1,csv/bullet_act/xiaoqiao_attack1.csv,0,0,1,0,0,0,0,,0,0,0,0,,,,,,,,,,
1341,蒋钦,2,0,resource/skill_pic/xiahoudun_attack4,csv/bullet_act/xiahoudun_attack4.csv,0,0,1,0,0,0,0,,0,0,0,50,,,,,,,,,,
1342,徐盛,2,0,resource/skill_pic/huatuo_skill,csv/bullet_act/huatuo_skill.csv,0,0,1,0,0,0,0,,0,0,40,80,0,120,,,,,,,,
1343,徐盛,2,0,resource/skill_pic/xiahoudun_attack4,csv/bullet_act/xiahoudun_attack4.csv,0,0,1,0,0,0,0,,0,0,0,50,,,,,,,,,,
1344,丁奉,2,0,resource/skill_pic/xiahoudun_dici,csv/bullet_act/xiahoudun_dici.csv,,0,1,,1,100,1,,90,90,,,20,60,,,,,,,,
1345,丁奉,1,0,resource/skill_pic/pangtong_attack4,csv/bullet_act/pangtong_attack4.csv,0,0,1,0,0,0,0,,0,0,0,30,,,,,,,,,,
1346,宋谦,2,0,resource/skill_pic/huatuo_skill,csv/bullet_act/huatuo_skill.csv,0,0,1,0,0,0,0,,0,0,40,80,0,120,,,,,,,,
1347,宋谦,1,,resource/skill_pic/caopi_attack4,csv/bullet_act/caopi_attack4.csv,0,0,1,0,0,0,0,,0,0,10,67,,,,,,,,,,
1348,沙摩柯,4,600,resource/skill_pic/xiaoqiao_attack1,csv/bullet_act/xiaoqiao_attack1.csv,0,0,1,0,0,0,0,,0,0,0,0,,,,,,,,,,
1349,沙摩柯,1,0,resource/skill_pic/pangtong_attack4,csv/bullet_act/pangtong_attack4.csv,0,0,1,0,0,0,0,,0,0,0,30,,,,,,,,,,
1350,吴国太,1,,resource/skill_pic/xiahoudun_attack4,csv/bullet_act/xiahoudun_attack4xb.csv,,0,1,,,,,,0,0,75,50,0,0,,,,,,,,
1351,吴国太,1,0,resource/skill_pic/null,csv/bullet_act/null.csv,0,0,1,0,0,0,0,,0,0,0,90,,,,,,,,,,
1352,羊徽瑜,2,,resource/skill_pic/huatuo_skill,csv/bullet_act/huatuo_skill.csv,0,0,1,0,0,0,0,,0,0,40,80,0,120,,,,,,,,
1353,羊徽瑜,,,,,0,0,1,0,0,0,0,,0,0,0,0,,,,,,,,,,
1354,夏侯徽,4,600,resource/skill_pic/xiaoqiao_attack1,csv/bullet_act/xiaoqiao_attack1.csv,0,0,1,0,0,0,0,,0,0,0,0,,,,,,,,,,
1355,夏侯徽,1,,resource/skill_pic/caopi_attack4,csv/bullet_act/caopi_attack4.csv,0,0,1,0,0,0,0,,0,0,10,67,,,,,,,,,,
1356,邹氏,4,600,resource/skill_pic/qinfeng,csv/bullet_act/qinfeng.csv,0,0,1,0,0,0,0,,0,0,0,0,,,,,,,,,,
1357,邹氏,,,,,0,0,1,0,0,0,0,,0,0,0,0,,,,,,,,,,
1358,曹昂,2,0,resource/skill_pic/zhugeguo_attack4,csv/bullet_act/zhugeguo_attack4.csv,0,0,1,0,0,0,0,,0,0,0,0,,10,,,,,,,,
1359,曹昂,1,0,resource/skill_pic/null,csv/bullet_act/null.csv,0,0,1,0,0,0,0,,0,0,0,90,,,,,,,,,,
1360,邓芝,2,0,resource/skill_pic/fall_sword,csv/bullet_act/fall_sword.csv,0,0,1,0,0,0,0,,0,0,0,0,,40,,,,,,,,
1361,邓芝,1,0,resource/skill_pic/zhangxingcai_attack4,csv/bullet_act/zhangxingcai_attack4.csv,0,0,1,0,0,0,0,,0,0,0,40,,,,,,,,,,
1362,刘禅,2,0,resource/skill_pic/fall_sword,csv/bullet_act/fall_sword.csv,0,0,1,0,0,0,0,,0,0,0,0,,40,,,,,,,,
1363,刘禅,2,0,resource/skill_pic/fall_sword,csv/bullet_act/fall_sword.csv,0,0,1,0,0,0,0,,0,0,0,0,,40,,,,,,,,
1364,吕岱,2,0,resource/skill_pic/fall_sword,csv/bullet_act/fall_sword.csv,0,0,1,0,0,0,0,,0,0,0,0,,40,,,,,,,,
1365,吕岱,2,0,resource/skill_pic/xiahoudun_attack4,csv/bullet_act/xiahoudun_attack4.csv,0,0,1,0,0,0,0,,0,0,0,50,,,,,,,,,,
1366,潘璋,2,0,resource/skill_pic/debuff_atk,csv/bullet_act/debuff_general.csv,resource/skill_icon/debuff_atk.png,0,1,0,0,0,0,,0,0,0,0,,,,,,,,,,
1367,潘璋,1,0,resource/skill_pic/pangtong_attack4,csv/bullet_act/pangtong_attack4.csv,0,0,1,0,0,0,0,,0,0,0,30,,,,,,,,,,
1368,夏侯霸,2,0,resource/skill_pic/zhangxingcai_dihuo,csv/bullet_act/zhangxingcai_dihuo.csv,0,0,1,0,0,0,0,,0,0,0,0,,,,,,,,,,
1369,夏侯霸,2,0,resource/skill_pic/zhangxingcai_dihuo,csv/bullet_act/zhangxingcai_dihuo.csv,0,0,1,0,0,0,0,,0,0,0,0,,,,,,,,,,
1370,孙乾,2,0,resource/skill_pic/huatuo_skill,csv/bullet_act/huatuo_skill.csv,0,0,1,0,0,0,0,,0,0,40,80,0,120,,,,,,,,
1371,孙乾,1,0,resource/skill_pic/pangtong_attack4,csv/bullet_act/pangtong_attack4.csv,0,0,1,0,0,0,0,,0,0,0,30,,,,,,,,,,
1372,蒋琬,2,0,resource/skill_pic/xiahoudun_dici,csv/bullet_act/xiahoudun_dici.csv,,0,1,,1,100,1,,90,90,,,20,60,,,,,,,,
1373,蒋琬,1,,resource/skill_pic/buff_gedang,csv/bullet_act/buff_gedang.csv,0,0,1,0,0,0,0,,0,0,0,0,,,,,,,,,,
1374,钟会,2,0,resource/skill_pic/huatuo_skill,csv/bullet_act/huatuo_skill.csv,0,0,1,0,0,0,0,,0,0,40,80,0,120,,,,,,,,
1375,钟会,4,600,resource/skill_pic/xiaoqiao_attack1,csv/bullet_act/xiaoqiao_attack1.csv,0,0,1,0,0,0,0,,0,0,0,0,,,,,,,,,,
1376,廖化,2,0,resource/skill_pic/fall_sword,csv/bullet_act/fall_sword.csv,0,0,1,0,0,0,0,,0,0,0,0,,40,,,,,,,,
1377,廖化,1,0,resource/skill_pic/pangtong_attack4,csv/bullet_act/pangtong_attack4.csv,0,0,1,0,0,0,0,,0,0,0,30,,,,,,,,,,
1378,华歆,2,0,resource/skill_pic/fall_sword,csv/bullet_act/fall_sword.csv,0,0,1,0,0,0,0,,0,0,0,0,,40,,,,,,,,
1379,华歆,1,0,resource/skill_pic/zhurongfuren_attack2,csv/bullet_act/zhurongfuren_attack2.csv,0,0,1,0,0,0,0,,0,0,0,50,,,,,,,,,,
1380,文钦,2,0,resource/skill_pic/xiahoudun_dici,csv/bullet_act/xiahoudun_dici.csv,,0,1,,1,100,1,,90,90,,,20,60,,,,,,,,
1381,文钦,1,0,resource/skill_pic/pangtong_attack4,csv/bullet_act/pangtong_attack4.csv,0,0,1,0,0,0,0,,0,0,0,30,,,,,,,,,,
1382,李傕,2,0,resource/skill_pic/zhangxingcai_dihuo,csv/bullet_act/zhangxingcai_dihuo.csv,0,0,1,0,0,0,0,,0,0,0,0,,,,,,,,,,
1383,李傕,1,,resource/skill_pic/caopi_attack4,csv/bullet_act/caopi_attack4.csv,0,0,1,0,0,0,0,,0,0,10,67,,,,,,,,,,
1384,文聘,2,0,resource/skill_pic/zhangxingcai_dihuo,csv/bullet_act/zhangxingcai_dihuo.csv,0,0,1,0,0,0,0,,0,0,0,0,,,,,,,,,,
1385,文聘,1,0,resource/skill_pic/pangtong_attack4,csv/bullet_act/pangtong_attack4.csv,0,0,1,0,0,0,0,,0,0,0,30,,,,,,,,,,
1386,蔡瑁,2,0,resource/skill_pic/huatuo_skill,csv/bullet_act/huatuo_skill.csv,0,0,1,0,0,0,0,,0,0,40,80,0,120,,,,,,,,
1387,蔡瑁,1,0,resource/skill_pic/zhurongfuren_attack2,csv/bullet_act/zhurongfuren_attack2.csv,0,0,1,0,0,0,0,,0,0,0,50,,,,,,,,,,
1388,韩浩,2,0,resource/skill_pic/debuff_def,csv/bullet_act/debuff_general.csv,resource/skill_icon/debuff_def.png,0,1,0,0,0,0,,0,0,0,0,,,,,,,,,,
1389,韩浩,,,,,0,0,1,0,0,0,0,,0,0,0,0,,,,,,,,,,
1390,花蔓,2,0,resource/skill_pic/pangtong_attack2,csv/bullet_act/pangtong_attack2.csv,0,0,1,0,0,0,0,,120,120,0,0,10,50,,,,,,,,
1391,花蔓,1,0,resource/skill_pic/null,csv/bullet_act/null.csv,0,0,1,0,0,0,0,,90,90,0,50,,,,,,,,,,
1392,吕玲绮,2,0,resource/skill_pic/fall_sword,csv/bullet_act/fall_sword.csv,0,0,1,0,0,0,0,,0,0,0,0,,40,,,,,,,,
1393,吕玲绮,,,,,0,0,1,0,0,0,0,,0,0,0,0,,,,,,,,,,
1394,太史昭容,2,0,resource/skill_pic/debuff_atk,csv/bullet_act/debuff_general.csv,resource/skill_icon/debuff_atk.png,0,1,0,0,0,0,,0,0,0,0,,,,,,,,,,
1395,太史昭容,2,,,,0,0,1,0,0,0,0,,0,0,0,0,,,,,,,,,,
1396,顾雍,2,0,resource/skill_pic/zhugeguo_attack4,csv/bullet_act/zhugeguo_attack4.csv,0,0,1,0,0,0,0,,0,0,0,0,,10,,,,,,,,
1397,顾雍,2,0,,,0,0,1,0,0,0,0,,0,0,0,0,,,,,,,,,,
1398,诸葛瑾,2,0,resource/skill_pic/pangtong_attack2,csv/bullet_act/pangtong_attack2.csv,0,0,1,0,0,0,0,,120,120,0,0,10,50,,,,,,,,
1399,诸葛瑾,2,0,resource/skill_pic/pangtong_attack2,csv/bullet_act/pangtong_attack2.csv,0,0,1,0,0,0,0,,120,120,0,0,10,50,,,,,,,,
1400,程昱,2,0,resource/skill_pic/pangtong_attack2,csv/bullet_act/pangtong_attack2.csv,0,0,1,0,0,0,0,,120,120,0,0,10,50,,,,,,,,
1401,程昱,2,0,resource/skill_pic/pangtong_attack2,csv/bullet_act/pangtong_attack2.csv,0,0,1,0,0,0,0,,120,120,0,0,10,50,,,,,,,,
1402,许攸,2,0,resource/skill_pic/pangtong_attack2,csv/bullet_act/pangtong_attack2.csv,0,0,1,0,0,0,0,,120,120,0,0,10,50,,,,,,,,
1403,许攸,,,,,0,0,1,0,0,0,0,,0,0,0,0,,,,,,,,,,
1404,李严,2,0,resource/skill_pic/pangtong_attack2,csv/bullet_act/pangtong_attack2.csv,0,0,1,0,0,0,0,,120,120,0,0,10,50,,,,,,,,
1405,李严,1,0,resource/skill_pic/pangtong_attack4,csv/bullet_act/pangtong_attack4.csv,0,0,1,0,0,0,0,,0,0,0,30,,,,,,,,,,
1406,文蕊,4,600,resource/skill_pic/qinfeng,csv/bullet_act/qinfeng.csv,0,0,1,0,0,0,0,,0,0,0,0,,,,,,,,,,
1407,文蕊,4,600,resource/skill_pic/qinfeng,csv/bullet_act/qinfeng.csv,0,0,1,0,0,0,0,,0,0,0,0,,,,,,,,,,
1408,糜竺,4,600,resource/skill_pic/xiaoqiao_attack1,csv/bullet_act/xiaoqiao_attack1.csv,0,0,1,0,0,0,0,,0,0,0,0,,,,,,,,,,
1409,糜竺,1,0,resource/skill_pic/null,csv/bullet_act/null.csv,0,0,1,0,0,0,0,,0,0,0,90,,,,,,,,,,
1410,蒋干,2,0,resource/skill_pic/debuff_atk,csv/bullet_act/debuff_general.csv,resource/skill_icon/debuff_atk.png,0,1,0,0,0,0,,0,0,0,0,,,,,,,,,,
1411,蒋干,1,0,resource/skill_pic/zhurongfuren_attack2,csv/bullet_act/zhurongfuren_attack2.csv,0,0,1,0,0,0,0,,0,0,0,50,,,,,,,,,,
1412,兀突骨,2,0,resource/skill_pic/debuff_atk,csv/bullet_act/debuff_general.csv,resource/skill_icon/debuff_atk.png,0,1,0,0,0,0,,0,0,0,0,,,,,,,,,,
1413,兀突骨,1,0,resource/skill_pic/zhangxingcai_attack4,csv/bullet_act/zhangxingcai_attack4.csv,0,0,1,0,0,0,0,,0,0,0,40,,,,,,,,,,
1414,祖茂,2,0,resource/skill_pic/zhangxingcai_dihuo,csv/bullet_act/zhangxingcai_dihuo.csv,0,0,1,0,0,0,0,,0,0,0,0,,,,,,,,,,
1415,祖茂,1,0,resource/skill_pic/zhangxingcai_attack4,csv/bullet_act/zhangxingcai_attack4.csv,0,0,1,0,0,0,0,,0,0,0,40,,,,,,,,,,
1416,皇甫嵩,2,0,resource/skill_pic/zhugeguo_attack4,csv/bullet_act/zhugeguo_attack4.csv,0,0,1,0,0,0,0,,0,0,0,0,,10,,,,,,,,
1417,皇甫嵩,1,0,resource/skill_pic/zhangxingcai_attack4,csv/bullet_act/zhangxingcai_attack4.csv,0,0,1,0,0,0,0,,0,0,0,40,,,,,,,,,,
1418,臧霸,2,0,resource/skill_pic/xiahoudun_dici,csv/bullet_act/xiahoudun_dici.csv,,0,1,,1,100,1,,90,90,,,20,60,,,,,,,,
1419,臧霸,2,0,resource/skill_pic/xiahoudun_attack4,csv/bullet_act/xiahoudun_attack4.csv,0,0,1,0,0,0,0,,0,0,0,50,,,,,,,,,,
1420,田丰,2,0,resource/skill_pic/pangtong_attack2,csv/bullet_act/pangtong_attack2.csv,0,0,1,0,0,0,0,,120,120,0,0,10,50,,,,,,,,
1421,田丰,1,0,resource/skill_pic/null,csv/bullet_act/null.csv,0,0,1,0,0,0,0,,90,90,0,50,,,,,,,,,,
1422,沮授,2,0,resource/skill_pic/huatuo_skill,csv/bullet_act/huatuo_skill.csv,0,0,1,0,0,0,0,,0,0,40,80,0,120,,,,,,,,
1423,沮授,1,0,resource/skill_pic/null,csv/bullet_act/null.csv,0,0,1,0,0,0,0,,0,0,0,90,,,,,,,,,,
1424,刘表,2,0,resource/skill_pic/xiahoudun_dici,csv/bullet_act/xiahoudun_dici.csv,,0,1,,1,100,1,,90,90,,,20,60,,,,,,,,
1425,刘表,1,0,resource/skill_pic/zhangxingcai_attack4,csv/bullet_act/zhangxingcai_attack4.csv,0,0,1,0,0,0,0,,0,0,0,40,,,,,,,,,,
1426,严颜,2,,resource/skill_pic/debuff_def,csv/bullet_act/debuff_general.csv,resource/skill_icon/debuff_def.png,0,1,0,0,0,0,,0,0,0,0,,,,,,,,,,
1427,严颜,1,,resource/skill_pic/buff_gedang,csv/bullet_act/buff_gedang.csv,0,0,1,0,0,0,0,,0,0,0,0,,,,,,,,,,
1428,陶谦,2,0,resource/skill_pic/pangtong_attack2,csv/bullet_act/pangtong_attack2.csv,0,0,1,0,0,0,0,,120,120,0,0,10,50,,,,,,,,
1429,陶谦,1,0,resource/skill_pic/pangtong_attack4,csv/bullet_act/pangtong_attack4.csv,0,0,1,0,0,0,0,,0,0,0,30,,,,,,,,,,
1430,白绕,2,0,resource/skill_pic/xiahoudun_dici,csv/bullet_act/xiahoudun_dici.csv,,0,1,,1,100,1,,90,90,,,20,60,,,,,,,,
1431,白绕,1,,resource/skill_pic/caopi_attack4,csv/bullet_act/caopi_attack4.csv,0,0,1,0,0,0,0,,0,0,10,67,,,,,,,,,,
1432,严白虎,2,0,resource/skill_pic/line_sword,csv/bullet_act/line_sword.csv,0,0,1,0,0,0,0,,0,0,0,0,,,,,,,,,,
1433,严白虎,2,0,resource/skill_pic/fall_sword,csv/bullet_act/fall_sword.csv,0,0,1,0,0,0,0,,0,0,0,0,,40,,,,,,,,
1434,王朗,2,0,resource/skill_pic/line_sword,csv/bullet_act/line_sword.csv,0,0,1,0,0,0,0,,0,0,0,0,,,,,,,,,,
1435,王朗,1,0,resource/skill_pic/null,csv/bullet_act/null.csv,0,0,1,0,0,0,0,,0,0,0,90,,,,,,,,,,
1436,曹节,2,0,resource/skill_pic/pangtong_attack2,csv/bullet_act/pangtong_attack2.csv,0,0,1,0,0,0,0,,120,120,0,0,10,50,,,,,,,,
1437,曹节,,,,,0,0,1,0,0,0,0,,0,0,0,0,,,,,,,,,,
1438,陈琳,2,0,resource/skill_pic/huatuo_skill,csv/bullet_act/huatuo_skill.csv,0,0,1,0,0,0,0,,0,0,40,80,0,120,,,,,,,,
1439,张松,4,600,resource/skill_pic/xiaoqiao_attack1,csv/bullet_act/xiaoqiao_attack1.csv,0,0,1,0,0,0,0,,0,0,0,0,,,,,,,,,,
1440,孙翊,2,0,resource/skill_pic/huatuo_skill,csv/bullet_act/huatuo_skill.csv,0,0,1,0,0,0,0,,0,0,40,80,0,120,,,,,,,,
1441,孙韶,4,600,resource/skill_pic/xiaoqiao_attack1,csv/bullet_act/xiaoqiao_attack1.csv,0,0,1,0,0,0,0,,0,0,0,0,,,,,,,,,,
1442,陈表,2,0,resource/skill_pic/huatuo_skill,csv/bullet_act/huatuo_skill.csv,0,0,1,0,0,0,0,,0,0,40,80,0,120,,,,,,,,
1443,董允,2,0,resource/skill_pic/huatuo_skill,csv/bullet_act/huatuo_skill.csv,0,0,1,0,0,0,0,,0,0,40,80,0,120,,,,,,,,
1444,张梁,2,0,resource/skill_pic/zhangxingcai_dihuo,csv/bullet_act/zhangxingcai_dihuo.csv,0,0,1,0,0,0,0,,0,0,0,0,,,,,,,,,,
1445,韩德,2,0,resource/skill_pic/xiahoudun_dici,csv/bullet_act/xiahoudun_dici.csv,,0,1,,1,100,1,,90,90,,,20,60,,,,,,,,
1446,陈纪,2,0,resource/skill_pic/xiahoudun_dici,csv/bullet_act/xiahoudun_dici.csv,,0,1,,1,100,1,,90,90,,,20,60,,,,,,,,
1447,韩猛,2,0,resource/skill_pic/xiahoudun_dici,csv/bullet_act/xiahoudun_dici.csv,,0,1,,1,100,1,,90,90,,,20,60,,,,,,,,
1448,黄祖,2,0,resource/skill_pic/xiahoudun_dici,csv/bullet_act/xiahoudun_dici.csv,,0,1,,1,100,1,,90,90,,,20,60,,,,,,,,
1449,刘璋,2,0,resource/skill_pic/xiahoudun_dici,csv/bullet_act/xiahoudun_dici.csv,,0,1,,1,100,1,,90,90,,,20,60,,,,,,,,
1450,孙桓,2,0,resource/skill_pic/xiahoudun_dici,csv/bullet_act/xiahoudun_dici.csv,,0,1,,1,100,1,,90,90,,,20,60,,,,,,,,
1451,朱异,2,0,resource/skill_pic/xiahoudun_dici,csv/bullet_act/xiahoudun_dici.csv,,0,1,,1,100,1,,90,90,,,20,60,,,,,,,,
1452,麴义,2,0,resource/skill_pic/line_spear,csv/bullet_act/line_spear.csv,0,0,1,0,0,0,0,,0,0,0,0,,,,,,,,,,
1453,张勋,2,0,resource/skill_pic/line_spear,csv/bullet_act/line_spear.csv,0,0,1,0,0,0,0,,0,0,0,0,,,,,,,,,,
1454,高览,2,0,resource/skill_pic/line_spear,csv/bullet_act/line_spear.csv,0,0,1,0,0,0,0,,0,0,0,0,,,,,,,,,,
1455,淳于琼,2,0,resource/skill_pic/zhangxingcai_dihuo,csv/bullet_act/zhangxingcai_dihuo.csv,0,0,1,0,0,0,0,,0,0,0,0,,,,,,,,,,
1456,曹真,2,0,resource/skill_pic/zhangxingcai_dihuo,csv/bullet_act/zhangxingcai_dihuo.csv,0,0,1,0,0,0,0,,0,0,0,0,,,,,,,,,,
1457,韩遂,2,0,resource/skill_pic/zhangxingcai_dihuo,csv/bullet_act/zhangxingcai_dihuo.csv,0,0,1,0,0,0,0,,0,0,0,0,,,,,,,,,,
1458,骆统,2,0,resource/skill_pic/xiahoudun_dici,csv/bullet_act/xiahoudun_dici.csv,,0,1,,1,100,1,,90,90,,,20,60,,,,,,,,
1459,朱然,2,0,resource/skill_pic/xiahoudun_dici,csv/bullet_act/xiahoudun_dici.csv,,0,1,,1,100,1,,90,90,,,20,60,,,,,,,,
1460,蒯越,2,0,resource/skill_pic/pangtong_attack2,csv/bullet_act/pangtong_attack2.csv,0,0,1,0,0,0,0,,120,120,0,0,10,50,,,,,,,,
1461,董昭,2,0,resource/skill_pic/pangtong_attack2,csv/bullet_act/pangtong_attack2.csv,0,0,1,0,0,0,0,,120,120,0,0,10,50,,,,,,,,
1462,陈群,2,0,resource/skill_pic/pangtong_attack2,csv/bullet_act/pangtong_attack2.csv,0,0,1,0,0,0,0,,120,120,0,0,10,50,,,,,,,,
1463,费祎,2,0,resource/skill_pic/pangtong_attack2,csv/bullet_act/pangtong_attack2.csv,0,0,1,0,0,0,0,,120,120,0,0,10,50,,,,,,,,
1464,郭攸之,2,0,resource/skill_pic/pangtong_attack2,csv/bullet_act/pangtong_attack2.csv,0,0,1,0,0,0,0,,120,120,0,0,10,50,,,,,,,,
1465,孙峻,2,0,resource/skill_pic/huatuo_skill,csv/bullet_act/huatuo_skill.csv,0,0,1,0,0,0,0,,0,0,40,80,0,120,,,,,,,,
1466,董袭,2,0,resource/skill_pic/huatuo_skill,csv/bullet_act/huatuo_skill.csv,0,0,1,0,0,0,0,,0,0,40,80,0,120,,,,,,,,
1467,曹休,4,0,resource/skill_pic/huatuo_skill,csv/bullet_act/huatuo_skill.csv,0,0,1,0,0,0,0,,0,0,40,80,0,120,,,,,,,,
1468,曹爽,2,0,resource/skill_pic/huatuo_skill,csv/bullet_act/huatuo_skill.csv,0,0,1,0,0,0,0,,0,0,40,80,0,120,,,,,,,,
1469,曹睿,4,600,resource/skill_pic/xiaoqiao_attack1,csv/bullet_act/xiaoqiao_attack1.csv,0,0,1,0,0,0,0,,0,0,0,0,,,,,,,,,,
1470,刘封,2,0,resource/skill_pic/huatuo_skill,csv/bullet_act/huatuo_skill.csv,0,0,1,0,0,0,0,,0,0,40,80,0,120,,,,,,,,
1471,张鲁,2,0,resource/skill_pic/huatuo_skill,csv/bullet_act/huatuo_skill.csv,0,0,1,0,0,0,0,,0,0,40,80,0,120,,,,,,,,
1472,张允,2,0,resource/skill_pic/huatuo_skill,csv/bullet_act/huatuo_skill.csv,0,0,1,0,0,0,0,,0,0,40,80,0,120,,,,,,,,
1473,张宝,2,0,resource/skill_pic/xiahoudun_dici,csv/bullet_act/xiahoudun_dici.csv,,0,1,,1,100,1,,90,90,,,20,60,,,,,,,,
1474,朱桓,2,0,resource/skill_pic/xiahoudun_dici,csv/bullet_act/xiahoudun_dici.csv,,0,1,,1,100,1,,90,90,,,20,60,,,,,,,,
1475,曹纯,2,0,resource/skill_pic/fall_sword,csv/bullet_act/fall_sword.csv,0,0,1,0,0,0,0,,0,0,0,0,,40,,,,,,,,
1476,夏侯尚,2,0,resource/skill_pic/xiahoudun_dici,csv/bullet_act/xiahoudun_dici.csv,,0,1,,1,100,1,,90,90,,,20,60,,,,,,,,
1477,张任,2,0,resource/skill_pic/fall_sword,csv/bullet_act/fall_sword.csv,0,0,1,0,0,0,0,,0,0,0,0,,40,,,,,,,,
1478,木鹿大王,2,0,resource/skill_pic/xiahoudun_dici,csv/bullet_act/xiahoudun_dici.csv,,0,1,,1,100,1,,90,90,,,20,60,,,,,,,,
1479,于毒,2,0,resource/skill_pic/xiahoudun_dici,csv/bullet_act/xiahoudun_dici.csv,,0,1,,1,100,1,,90,90,,,20,60,,,,,,,,
1480,眭固,2,0,resource/skill_pic/xiahoudun_dici,csv/bullet_act/xiahoudun_dici.csv,,0,1,,1,100,1,,90,90,,,20,60,,,,,,,,
1481,程远志,2,0,resource/skill_pic/line_sword,csv/bullet_act/line_sword.csv,0,0,1,0,0,0,0,,0,0,0,0,,,,,,,,,,
1482,刘虞,2,0,resource/skill_pic/xiahoudun_dici,csv/bullet_act/xiahoudun_dici.csv,,0,1,,1,100,1,,90,90,,,20,60,,,,,,,,
1483,刘岱,4,600,resource/skill_pic/xiaoqiao_attack1,csv/bullet_act/xiaoqiao_attack1.csv,0,0,1,0,0,0,0,,0,0,0,0,,,,,,,,,,
1484,刘繇,2,0,resource/skill_pic/xiahoudun_dici,csv/bullet_act/xiahoudun_dici.csv,,0,1,,1,100,1,,90,90,,,20,60,,,,,,,,
1485,刘勋,2,0,resource/skill_pic/xiahoudun_dici,csv/bullet_act/xiahoudun_dici.csv,,0,1,,1,100,1,,90,90,,,20,60,,,,,,,,
1486,李典,2,0,resource/skill_pic/lidian_attack2,csv/bullet_act/lidian_attack2.csv,0,0,,0,0,0,0,,0,0,0,0,,,,,,,,,,
1487,李典,2,0,resource/skill_pic/lidian_attack3,csv/bullet_act/lidian_attack3.csv,,0,1,,,0,,,0,0,,,0,0,,,,,,,,
1488,李典,2,0,resource/skill_pic/null,csv/bullet_act/lidian_attack4.csv,,0,1,,,0,,,0,0,,,0,0,,,,,,,,
1489,田丰,8,0,resource/skill_pic/tianfeng_attack2,csv/bullet_act/tianfeng_attack2.csv,,0,1,,,,,,0,0,,,0,-60,30,10,,,,,,
1490,田丰,2,0,resource/skill_pic/tianfeng_attack3,csv/bullet_act/tianfeng_attack3.csv,,0,1,,,,,,0,0,,,0,0,,,,,,,,
1491,田丰,2,0,resource/skill_pic/null,csv/bullet_act/tianfeng_attack4.csv,,0,1,,,,,,0,0,,,0,0,,,,,,,,
,,,,,,,,,,,,,,,,,,,,,,,,,,,
1600,弩车攻击1,3,1200,resource/skill_pic/nuche_attack1,csv/bullet_act/nuche_attack1.csv,,0,1,,,,,,0,0,,,0,0,,,,,,,,
1601,藤甲远程,3,800,resource/skill_pic/tengjiadunbing_attack2,csv/bullet_act/tengjiadunbing_attack2.csv,,0,1,,,,,,0,0,,,0,0,,,,,,,,
1602,屠夫远程,3,800,resource/skill_pic/tufu_attack2,csv/bullet_act/tufu_attack2.csv,,0,1,,,,,,0,0,,,0,0,,,,,,,,
1603,投石车,9,600,resource/skill_pic/toushiche_attack1,csv/bullet_act/toushiche_attack1.csv,,0,1,,,,,,0,0,,,0,40,,,,,,,,
1604,酒鬼前排,4,600,resource/skill_pic/laojiugui_attack1,csv/bullet_act/laojiugui_attack1.csv,,0,1,,,,,,0,0,,,0,0,,,,,,,,
1605,酒鬼前2排,9,600,resource/skill_pic/laojiugui_attack2,csv/bullet_act/laojiugui_attack2.csv,,0,1,,,,,,0,0,,,0,0,,,,,,,,
1606,老中医单体治疗,2,,resource/skill_pic/yaoshi_attack2,csv/bullet_act/yaoshi_attack2.csv,,0,1,,,,,,0,0,,,10,40,,,,,,,,
1607,老中医群体治疗,2,,resource/skill_pic/yaoshi_attack3,csv/bullet_act/yaoshi_attack3.csv,,0,1,,,,,,0,0,,,0,0,,,,,,,,
1608,流浪剑客打敌方全体,2,0,resource/skill_pic/jianke_attack2,csv/bullet_act/jianke_attack2.csv,,0,1,,,,,,80,80,,,0,120,,,,,,,,
1609,流浪剑客打一列,2,0,resource/skill_pic/jianke_attack3,csv/bullet_act/jianke_attack3.csv,,0,1,,,,,,,,,,0,110,,,,,,,,
1610,驯兽师打后方单体,2,,resource/skill_pic/xunshoushi_attack2,csv/bullet_act/xunshoushi_attack2.csv,,0,1,,,,,,0,0,,,-150,100,,,,,,,,
1611,驯兽师打全体,2,,resource/skill_pic/xunshoushi_attack3,csv/bullet_act/xunshoushi_attack3.csv,,0,1,,,,,,130,130,,,-80,0,,,,,,,,
1612,算命先生前方单体2连击,2,0,resource/skill_pic/suanming_attack2,csv/bullet_act/suanming_attack2.csv,,0,1,,1,,,,130,130,,,0,0,,,,,,,,
1613,算命先生,2,,resource/skill_pic/suanming_attack2,csv/bullet_act/suanming_attack2.csv,,0,1,,,,,,0,0,,,0,0,,,,,,,,
1614,算命先生复活,2,,resource/skill_pic/suanming_attack3,csv/bullet_act/suanming_attack3.csv,,0,1,,,,,,0,0,,,0,0,,,,,,,,
1615,恶霸打前排,2,,resource/skill_pic/eba_attack1,csv/bullet_act/eba_attack1.csv,,0,1,,1,,,,0,0,,,0,0,,,,,,,,
1616,恶霸打前方单体，附带流血,2,,resource/skill_pic/eba_attack1,csv/bullet_act/eba_attack1.csv,,0,1,,1,,,,0,0,,,0,0,,,,,,,,
