id,类型,道具id,武将名,星级,数量,货币,单价,权值1,权值2,权值3,货架,描述
,,,,,,,,,,,,
,,item表里的道具id；,武将名，策划自己看,策划看,数量=权值,货币=权值,1=元宝 2=游戏币 3=战功 4=将魂 5=声望 6=星魂,权值1=1-50级 权值2=50-75级 权值3=76级以上,,,0=货架无物时填充 1=1号位商店货架 2=2号位商店货架 以此类推,
,,,,,,,,,,,,
,,,,,,,,,,,,
,普通商店,,,,,,,,,,,
1,15,11,映波珠坠,3,1=65 3=35,2=100,2=500,250,250,250,0,美人宠幸道具，使用后增加美人10点好感度。
2,15,12,胭红香囊,3,1=65 3=35 ,2=100,2=500,250,250,250,0,美人宠幸道具，使用后增加美人10点好感度。
3,15,13,溜紫锦囊,3,1=65 3=35,2=100,2=1000,150,150,150,0,美人宠幸道具，使用后增加美人20点好感度。
4,15,14,冰凌发簪,3,1=65 3=35,2=100,2=1000,50,50,50,0,美人宠幸道具，使用后增加美人20点好感度。
5,18,19,和氏璧,5,1=100 ,1=40 2=60,1=120 2=12000,300,300,300,0,美人突破所需唯一材料。
6,23,31,初级技能书,2,5=100,2=100,2=200,600,600,600,0,技能升级所需道具，普通副本1-5章较低概率掉落。
7,23,32,中级技能书,3,5=100,2=100,2=300,400,400,400,0,技能升级所需道具，普通副本6-10章较低概率掉落。
8,27,1,低级经验药,1,10=100,2=100,2=50,600,600,600,0,使用后提升指定武将50点经验。
9,27,2,中级经验药,2,5=100,2=100,2=200,400,400,400,0,使用后提升指定武将200点经验。
10,24,3001,流星锤,2,1=100,2=100,2=2500,71,71,71,0,这件流星锤上面刻有一行字：让你去看流星雨！
11,24,3002,狼牙棒,2,1=100,2=100,2=2500,71,71,71,0,形如狼牙，看上去阴森恐怖
12,24,3003,铁鞭,2,1=100,2=100,2=2500,71,71,71,0,生铁打造的铁鞭，上面锈迹斑斑
13,24,3004,虎筋弦弓,2,1=100,2=100,2=2500,71,71,71,0,用上好的虎皮拉制而成，用起来十分轻盈
14,24,3005,鹊画弓,2,1=100,2=100,2=2500,71,71,71,0,镂刻有小鸡吃米图的战弓，却被说成是喜鹊
15,24,3051,轩宇甲,2,1=100,2=100,2=2500,71,71,71,0,这件铠甲随处可见，款式一般，适合大众穿戴
16,24,3052,锦绣袍,2,1=100,2=100,2=2500,71,71,71,0,这件布衣上面有些许的花样，看出来是用了一点心思的
17,24,3053,藤甲,2,1=100,2=100,2=2500,71,71,71,0,一件粗制的藤甲，一看就是赶工做成的
18,24,3101,香麝头巾,2,1=100,2=100,2=2500,71,71,71,0,散发出淡淡香味的头巾，女子常用
19,24,3102,旋光铁盔,2,1=100,2=100,2=2500,71,71,71,0,这件头盔用生铁打造，反光效果极强
20,24,3103,镔铁冠,2,1=100,2=100,2=2500,71,71,71,0,用山中黑铁练成，已经是个烂大街的头盔了
21,24,3151,铁甲靴,2,1=100,2=100,2=2500,71,71,71,0,普通的靴子，粗制滥造
22,24,3152,行军鞋,2,1=100,2=100,2=2500,71,71,71,0,普通行军时所穿，较为舒适，价格便宜量又足
23,24,3153,青松履,2,1=100,2=100,2=2500,71,71,71,0,上号松木为底所纳的靴子，透气性很强
24,25,4007,七星宝刀碎片,3,1=100,2=100,1=50 2=4960,47,47,47,0,七颗珠宝依北斗七星状镶嵌在刀把上，甚是华丽
25,25,4008,双铁戟碎片,3,1=100,2=100,1=50 2=4960,47,47,47,0,挥动起来呼呼作响，一看就很厉害的样子
26,25,4010,古锭刀碎片,3,1=100,2=100,1=50 2=4960,47,47,47,0,这把刀拿着它就能感到刀把上的杀气
27,25,4011,固陵刀碎片,3,1=100,2=100,1=50 2=4960,47,47,47,0,江南巧匠制造的宝刀，其貌不扬，但是威力强大
28,25,4014,八卦剑碎片,3,1=100,2=100,1=50 2=4960,47,47,47,0,这口宝剑铸造时倚八卦而生两仪，深合循环无端之理
29,25,4015,豪风蓝凤杖碎片,3,1=100,2=100,1=50 2=4960,47,47,47,0,据说是取自灵兽凤凰羽毛而制，拿在手里都感觉摄人心魂
30,25,4016,牡丹玉琵琶碎片,3,1=100,2=100,1=50 2=4960,47,47,47,0,上好木制琵琶，边角饰以牡丹图案和美玉，雍容华贵
31,25,4017,贯石斧碎片,3,1=100,2=100,1=50 2=4960,48,47,47,0,这把斧头形状巨大，力能破石，故得其名
32,25,4018,宝雕弓碎片,3,1=100,2=100,1=50 2=4960,47,47,47,0,这把长弓周边精雕细琢，却又不影响手感，甚是难得
33,25,4054,百兽甲碎片,3,1=100,2=100,1=50 2=4960,47,47,47,0,取百兽皮甲做成的衣服，能很好的保护身体
34,25,4055,雁翎甲碎片,3,1=100,2=100,1=50 2=4960,47,47,47,0,大雁翎毛做成的铠甲，柔软舒服，却又能很好的保护周身
35,25,4056,亮银铠碎片,3,1=100,2=100,1=50 2=4960,47,47,47,0,一件银光闪闪的铁甲，能有效的闪瞎敌人的眼睛
36,25,4057,磐石铠碎片,3,1=100,2=100,1=50 2=4960,47,47,47,0,一件厚重的铠甲，穿起来都需要足够的力量
37,25,4060,太平道袍碎片,3,1=100,2=100,1=50 2=4960,47,47,47,0,太平道祖师留下的法袍，据说蕴含有强大的灵气
38,25,4061,连环甲碎片,3,1=100,2=100,1=50 2=4960,47,47,47,0,这件铠甲一环套一环，牢不可破，故名连环甲，
39,25,4105,雁回金盔碎片,3,1=100,2=100,1=50 2=4960,47,47,47,0,取自大雁回转，盔顶弯曲，十分取巧
40,25,4106,飞骑翔盔碎片,3,1=100,2=100,1=50 2=4960,47,47,47,0,骑兵常用的帽子，符合人体工学设计
41,25,4107,琉璃紫冠碎片,3,1=100,2=100,1=50 2=4960,47,47,47,0,这件盔甲出自江南大家手中，自带有一股威严的名门正气
42,25,4109,宝马灵盔碎片,3,1=100,2=100,1=50 2=4960,47,47,47,0,这件轻盈的头盔造型华美，佩戴起来有如无物，乃不可多得的宝物
43,25,4154,疾风靴碎片,3,1=100,2=100,1=50 2=4960,47,47,47,0,走起路来轻飘飘的的，仿佛断绝了人世间的尘缘一样
44,25,4158,碎影轻靴碎片,3,1=100,2=100,1=50 2=4960,47,47,47,0,这双靴子掷地有声，像是能踏碎万物一般，气场极大
45,25,4159,炼血战靴碎片,3,1=100,2=100,1=50 2=4960,,,,0,一双暗红色的战靴，上面的渍渍献血显得阴森森的
46,25,4006,诸葛连弩碎片,3,1=100,2=100,1=50 2=4960,,,,0,武侯发明的连弩，一次可以射出多支弓箭
47,25,4009,火云刀碎片,3,1=100,2=100,1=50 2=4960,,,,0,一把失传多年的宝刀，但是依然削铁如泥
48,25,4012,三尖两刃刀碎片,3,1=100,2=100,1=50 2=4960,,,,0,前端有三叉刀形，刀身两面有刃，即可当刀，亦可当铲
49,25,4013,七星剑碎片,3,1=100,2=100,1=50 2=4960,,,,0,此剑乃上古神兵，依星辰之理而铸，隐现杀气
50,25,4058,霓虹羽衣碎片,3,1=100,2=100,1=50 2=4960,,,,0,闪耀着奇异光芒的羽衣，华美不可方物，乃不可多得的宝物
51,25,4104,牛魔面甲碎片,3,1=100,2=100,1=50 2=4960,,,,0,面容好似魔神面孔一般，戴上以后却十分合适
52,25,4156,游龙靴碎片,3,1=100,2=100,1=50 2=4960,,,,0,靴边绣有一条游龙，故得其名
53,25,4157,逐光轻靴碎片,3,1=100,2=100,1=50 2=4960,,,,0,这件靴子质地很轻，但是便于奔跑，故曰：逐光
54,14,6001,冲锋战魂,1,1=100 3=20,2=100,2=200,166,83,42,0,普通武将进化基础战魂。
55,14,6002,决斗战魂,1,1=100 3=20,2=100,2=200,166,83,42,0,普通武将进化基础战魂。
56,14,6003,狂暴战魂,1,1=100 3=20,2=100,2=200,166,83,42,0,普通武将进化基础战魂。
57,14,6004,疾行战魂,1,1=100 3=20,2=100,2=200,166,83,42,0,普通武将进化基础战魂。
58,14,6005,冲锋二阶卷轴,1,1=100 3=20,2=100,2=200,166,83,42,0,普通武将进化基础卷轴。
59,14,6006,决斗二阶卷轴,1,1=100 3=20,2=100,2=200,166,83,42,0,普通武将进化基础卷轴。
60,14,6007,狂暴二阶卷轴,1,1=100 3=20,2=100,2=200,166,83,42,0,普通武将进化基础卷轴。
61,14,6008,疾行二阶卷轴,1,1=100 3=20,2=100,2=200,166,83,42,0,普通武将进化基础卷轴。
62,14,6011,冲锋战魂二阶,1,1=100 3=20,2=100,2=400,166,83,42,0,普通武将进化二阶战魂。
63,14,6012,决斗战魂二阶,1,1=100 3=20,2=100,2=400,166,83,42,0,普通武将进化二阶战魂。
64,14,6013,狂暴战魂二阶,1,1=100 3=20,2=100,2=400,166,83,42,0,普通武将进化二阶战魂。
65,14,6014,疾行战魂二阶,1,1=100 3=20,2=100,2=400,166,83,42,0,普通武将进化二阶战魂。
66,14,6021,踏破战魂,2,1=100,2=100,2=600,83,83,63,0,良好武将进化基础战魂。
67,14,6022,鼓舞战魂,2,1=100,2=100,2=600,83,83,63,0,良好武将进化基础战魂。
68,14,6023,不屈战魂,2,1=100,2=100,2=600,83,83,63,0,良好武将进化基础战魂。
69,14,6024,连环战魂,2,1=100,2=100,2=600,83,83,63,0,良好武将进化基础战魂。
70,14,6025,狙击战魂,2,1=100,2=100,2=600,83,83,63,0,良好武将进化基础战魂。
71,14,6026,穿杨战魂,2,1=100,2=100,2=600,83,83,63,0,良好武将进化基础战魂。
72,14,6027,神速战魂,2,1=100,2=100,2=600,83,83,63,0,良好武将进化基础战魂。
73,14,6028,万箭战魂,2,1=100,2=100,2=600,83,83,63,0,良好武将进化基础战魂。
74,14,6029,踏破二阶卷轴,2,1=100,2=100,2=600,83,83,63,0,良好武将进化基础卷轴。
75,14,6030,鼓舞二阶卷轴,2,1=100,2=100,2=600,83,83,63,0,良好武将进化基础卷轴。
76,14,6031,不屈二阶卷轴,2,1=100,2=100,2=600,83,83,63,0,良好武将进化基础卷轴。
77,14,6032,连环二阶卷轴,2,1=100,2=100,2=600,83,83,63,0,良好武将进化基础卷轴。
78,14,6033,狙击二阶卷轴,2,1=100,2=100,2=600,83,83,63,0,良好武将进化基础卷轴。
79,14,6034,穿杨二阶卷轴,2,1=100,2=100,2=600,83,83,63,0,良好武将进化基础卷轴。
80,14,6035,神速二阶卷轴,2,1=100,2=100,2=600,83,83,63,0,良好武将进化基础卷轴。
81,14,6036,万箭二阶卷轴,2,1=100,2=100,2=600,83,83,63,0,良好武将进化基础卷轴。
82,14,6041,踏破战魂二阶,2,1=100,2=100,2=1800,83,83,63,0,良好武将进化二阶战魂。
83,14,6042,鼓舞战魂二阶,2,1=100,2=100,2=1800,83,83,63,0,良好武将进化二阶战魂。
84,14,6043,不屈战魂二阶,2,1=100,2=100,2=1800,83,83,63,0,良好武将进化二阶战魂。
85,14,6044,连环战魂二阶,2,1=100,2=100,2=1800,83,83,63,0,良好武将进化二阶战魂。
86,14,6045,狙击战魂二阶,2,1=100,2=100,2=1800,83,83,63,0,良好武将进化二阶战魂。
87,14,6046,穿杨战魂二阶,2,1=100,2=100,2=1800,83,83,63,0,良好武将进化二阶战魂。
88,14,6047,神速战魂二阶,2,1=100,2=100,2=1800,83,83,63,0,良好武将进化二阶战魂。
89,14,6048,万箭战魂二阶,2,1=100,2=100,2=1800,83,83,63,0,良好武将进化二阶战魂。
90,14,6051,妙计战魂碎片,3,1=80 3=20,2=100,2=800,63,63,63,0,稀有武将进化基础战魂碎片。
91,14,6052,妙手战魂碎片,3,1=80 3=20,2=100,2=800,63,63,63,0,稀有武将进化基础战魂碎片。
92,14,6053,倾城战魂碎片,3,1=80 3=20,2=100,2=800,63,63,63,0,稀有武将进化基础战魂碎片。
93,14,6054,深谋战魂碎片,3,1=80 3=20,2=100,2=800,63,63,63,0,稀有武将进化基础战魂碎片。
94,14,6055,远射战魂碎片,3,1=80 3=20,2=100,2=800,63,63,63,0,稀有武将进化基础战魂碎片。
95,14,6056,道法战魂碎片,3,1=80 3=20,2=100,2=800,63,63,63,0,稀有武将进化基础战魂碎片。
96,14,6057,洞察战魂碎片,3,1=80 3=20,2=100,2=800,63,63,63,0,稀有武将进化基础战魂碎片。
97,14,6058,集结战魂碎片,3,1=80 3=20,2=100,2=800,63,63,63,0,稀有武将进化基础战魂碎片。
98,14,6059,妙计二阶卷轴碎片,3,1=80 3=20,2=100,2=800,63,63,63,0,稀有武将进化基础卷轴碎片。
99,14,6060,妙手二阶卷轴碎片,3,1=80 3=20,2=100,2=800,63,63,63,0,稀有武将进化基础卷轴碎片。
100,14,6061,倾城二阶卷轴碎片,3,1=80 3=20,2=100,2=800,63,63,63,0,稀有武将进化基础卷轴碎片。
101,14,6062,深谋二阶卷轴碎片,3,1=80 3=20,2=100,2=800,63,63,63,0,稀有武将进化基础卷轴碎片。
102,14,6063,远射二阶卷轴碎片,3,1=80 3=20,2=100,2=800,63,63,63,0,稀有武将进化基础卷轴碎片。
103,14,6064,道法二阶卷轴碎片,3,1=80 3=20,2=100,2=800,63,63,63,0,稀有武将进化基础卷轴碎片。
104,14,6065,洞察二阶卷轴碎片,3,1=80 3=20,2=100,2=800,63,63,63,0,稀有武将进化基础卷轴碎片。
105,14,6066,集结二阶卷轴碎片,3,1=80 3=20,2=100,2=800,63,63,63,0,稀有武将进化基础卷轴碎片。
106,14,6071,妙计战魂,3,1=100,2=100,2=4000,,63,63,0,稀有武将进化基础战魂。
107,14,6072,妙手战魂,3,1=100,2=100,2=4000,,63,63,0,稀有武将进化基础战魂。
108,14,6073,倾城战魂,3,1=100,2=100,2=4000,,63,63,0,稀有武将进化基础战魂。
109,14,6074,深谋战魂,3,1=100,2=100,2=4000,,63,63,0,稀有武将进化基础战魂。
110,14,6075,远射战魂,3,1=100,2=100,2=4000,,63,63,0,稀有武将进化基础战魂。
111,14,6076,道法战魂,3,1=100,2=100,2=4000,,63,63,0,稀有武将进化基础战魂。
112,14,6077,洞察战魂,3,1=100,2=100,2=4000,,63,63,0,稀有武将进化基础战魂。
113,14,6078,集结战魂,3,1=100,2=100,2=4000,,63,63,0,稀有武将进化基础战魂。
114,14,6079,妙计二阶卷轴,3,1=100,2=100,2=4000,,63,63,0,稀有武将进化基础卷轴。
115,14,6080,妙手二阶卷轴,3,1=100,2=100,2=4000,,63,63,0,稀有武将进化基础卷轴。
116,14,6081,倾城二阶卷轴,3,1=100,2=100,2=4000,,63,63,0,稀有武将进化基础卷轴。
117,14,6082,深谋二阶卷轴,3,1=100,2=100,2=4000,,63,63,0,稀有武将进化基础卷轴。
118,14,6083,远射二阶卷轴,3,1=100,2=100,2=4000,,63,63,0,稀有武将进化基础卷轴。
119,14,6084,道法二阶卷轴,3,1=100,2=100,2=4000,,63,63,0,稀有武将进化基础卷轴。
120,14,6085,洞察二阶卷轴,3,1=100,2=100,2=4000,,63,63,0,稀有武将进化基础卷轴。
121,14,6086,集结二阶卷轴,3,1=100,2=100,2=4000,,63,63,0,稀有武将进化基础卷轴。
122,14,6101,兵心战魂碎片,4,1=80 3=20,2=100,2=1100,,,31,0,史诗武将进化基础战魂碎片。
123,14,6102,护卫战魂碎片,4,1=80 3=20,2=100,2=1100,,,31,0,史诗武将进化基础战魂碎片。
124,14,6103,强袭战魂碎片,4,1=80 3=20,2=100,2=1100,,,31,0,史诗武将进化基础战魂碎片。
125,14,6104,铁壁战魂碎片,4,1=80 3=20,2=100,2=1100,,,31,0,史诗武将进化基础战魂碎片。
126,14,6105,无懈战魂碎片,4,1=80 3=20,2=100,2=1100,,,31,0,史诗武将进化基础战魂碎片。
127,14,6106,霸者战魂碎片,4,1=80 3=20,2=100,2=1100,,,31,0,史诗武将进化基础战魂碎片。
128,14,6107,沉着战魂碎片,4,1=80 3=20,2=100,2=1100,,,31,0,史诗武将进化基础战魂碎片。
129,14,6108,鬼谋战魂碎片,4,1=80 3=20,2=100,2=1100,,,31,0,史诗武将进化基础战魂碎片。
130,14,6109,兵心二阶卷轴碎片,4,1=80 3=20,2=100,2=1100,,,31,0,史诗武将进化基础卷轴碎片。
131,14,6110,护卫二阶卷轴碎片,4,1=80 3=20,2=100,2=1100,,,31,0,史诗武将进化基础卷轴碎片。
132,14,6111,强袭二阶卷轴碎片,4,1=80 3=20,2=100,2=1100,,,31,0,史诗武将进化基础卷轴碎片。
133,14,6112,铁壁二阶卷轴碎片,4,1=80 3=20,2=100,2=1100,,,31,0,史诗武将进化基础卷轴碎片。
134,14,6113,无懈二阶卷轴碎片,4,1=80 3=20,2=100,2=1100,,,31,0,史诗武将进化基础卷轴碎片。
135,14,6114,霸者二阶卷轴碎片,4,1=80 3=20,2=100,2=1100,,,31,0,史诗武将进化基础卷轴碎片。
136,14,6115,沉着二阶卷轴碎片,4,1=80 3=20,2=100,2=1100,,,31,0,史诗武将进化基础卷轴碎片。
137,14,6116,鬼谋二阶卷轴碎片,4,1=80 3=20,2=100,2=1100,,,31,0,史诗武将进化基础卷轴碎片。
138,14,6151,遁走战魂碎片,4,1=80 3=20,2=100,2=1500,,,31,0,史诗武将进化基础战魂碎片。
139,14,6152,豪杰战魂碎片,4,1=80 3=20,2=100,2=1500,,,31,0,史诗武将进化基础战魂碎片。
140,14,6153,金刚战魂碎片,4,1=80 3=20,2=100,2=1500,,,31,0,史诗武将进化基础战魂碎片。
141,14,6154,结义战魂碎片,4,1=80 3=20,2=100,2=1500,,,31,0,史诗武将进化基础战魂碎片。
142,14,6155,复仇战魂碎片,4,1=80 3=20,2=100,2=1500,,,31,0,史诗武将进化基础战魂碎片。
143,14,6156,诡计战魂碎片,4,1=80 3=20,2=100,2=1500,,,31,0,史诗武将进化基础战魂碎片。
144,14,6157,离间战魂碎片,4,1=80 3=20,2=100,2=1500,,,31,0,史诗武将进化基础战魂碎片。
145,14,6158,明镜战魂碎片,4,1=80 3=20,2=100,2=1500,,,31,0,史诗武将进化基础战魂碎片。
146,14,6159,遁走二阶卷轴碎片,4,1=80 3=20,2=100,2=1500,,,31,0,史诗武将进化基础卷轴碎片。
147,14,6160,豪杰二阶卷轴碎片,4,1=80 3=20,2=100,2=1500,,,31,0,史诗武将进化基础卷轴碎片。
148,14,6161,金刚二阶卷轴碎片,4,1=80 3=20,2=100,2=1500,,,31,0,史诗武将进化基础卷轴碎片。
149,14,6162,结义二阶卷轴碎片,4,1=80 3=20,2=100,2=1500,,,31,0,史诗武将进化基础卷轴碎片。
150,14,6163,复仇二阶卷轴碎片,4,1=80 3=20,2=100,2=1500,,,31,0,史诗武将进化基础卷轴碎片。
151,14,6164,诡计二阶卷轴碎片,4,1=80 3=20,2=100,2=1500,,,31,0,史诗武将进化基础卷轴碎片。
152,14,6165,离间二阶卷轴碎片,4,1=80 3=20,2=100,2=1500,,,31,0,史诗武将进化基础卷轴碎片。
153,14,6166,明镜二阶卷轴碎片,4,1=80 3=20,2=100,2=1500,,,31,0,史诗武将进化基础卷轴碎片。
154,8,2001,张飞,1,1=100,1=40 2=60,1=40 2=8000,72,72,72,1,收集10个张飞碎片，可合成1星步兵武将张飞，且是其升星所需材料.
155,8,2025,蔡文姬,1,1=100,1=40 2=60,1=40 2=8000,72,72,72,1,收集10个蔡文姬碎片，可合成1星军师武将蔡文姬，且是其升星所需材料.
156,8,2151,张角,1,1=100,1=40 2=60,1=40 2=8000,72,72,72,1,收集10个张角碎片，可合成1星军师武将张角，且是其升星所需材料.
157,8,2098,华雄,1,1=100,1=40 2=60,1=40 2=8000,72,72,72,1,收集10个华雄碎片，可合成1星骑兵武将华雄，且是其升星所需材料.
158,8,2064,太史慈,1,1=100,1=40 2=60,1=40 2=8000,72,72,72,1,收集10个太史慈碎片，可合成1星弓兵武将太史慈，且是其升星所需材料.
159,8,2066,于禁,1,1=100,1=40 2=60,1=40 2=8000,72,72,72,1,收集10个于禁碎片，可合成1星弓兵武将于禁，且是其升星所需材料.
160,8,2044,程普,1,1=100,1=40 2=60,1=40 2=8000,72,72,72,1,收集10个程普碎片，可合成1星骑兵武将程普，且是其升星所需材料.
161,8,2031,甘夫人,1,1=100,1=40 2=60,1=40 2=8000,72,72,72,1,收集10个甘夫人碎片，可合成1星军师武将甘夫人，且是其升星所需材料.
162,8,2028,步练师,1,1=100,1=40 2=60,1=40 2=8000,72,72,72,1,收集10个步练师碎片，可合成1星骑兵武将步练师，且是其升星所需材料.
163,8,2026,大乔,2,1=100,1=40 2=60,1=40 2=8000,39,39,39,1,收集30个大乔碎片，可合成2星军师武将大乔，且是其升星所需材料.
164,8,2050,颜良,2,1=100,1=40 2=60,1=40 2=8000,39,39,39,1,收集30个颜良碎片，可合成2星骑兵武将颜良，且是其升星所需材料.
165,8,2042,文丑,2,1=100,1=40 2=60,1=40 2=8000,39,39,39,1,收集30个文丑碎片，可合成2星骑兵武将文丑，且是其升星所需材料.
166,8,2069,徐晃,2,1=100,1=40 2=60,1=40 2=8000,39,39,39,1,收集30个徐晃碎片，可合成2星骑兵武将徐晃，且是其升星所需材料.
167,8,2259,董卓,2,1=100,1=40 2=60,1=40 2=8000,39,39,39,1,收集30个董卓碎片，可合成2星步兵武将董卓，且是其升星所需材料.
168,8,2070,魏延,2,1=100,1=40 2=60,1=40 2=8000,39,39,39,1,收集30个魏延碎片，可合成2星步兵武将魏延，且是其升星所需材料.
169,8,2023,小乔,2,1=100,1=40 2=60,1=40 2=8000,39,39,39,1,收集30个小乔碎片，可合成2星弓兵武将小乔，且是其升星所需材料.
170,8,2175,陈宫,2,1=100,1=40 2=60,1=40 2=8000,39,39,39,1,收集30个陈宫碎片，可合成2星军师武将陈宫，且是其升星所需材料.
171,8,2111,公孙瓒,2,1=100,1=40 2=60,1=40 2=8000,39,39,39,1,收集30个公孙瓒碎片，可合成2星骑兵武将公孙瓒，且是其升星所需材料.
,,,,,,,,,,,,
,商店2级,,,,,,,,,,,
1001,15,11,映波珠坠,3,1=50 3=50,1=35 2=65,1=5 2=500 ,100,100,100,0,美人宠幸道具，使用后增加美人10点好感度。
1002,15,12,胭红香囊,3,1=50 3=50,1=35 2=65,1=5 2=500,100,100,100,0,美人宠幸道具，使用后增加美人10点好感度。
1003,15,13,溜紫锦囊,3,1=50 3=50,1=35 2=65,1=10 2=1000,100,100,100,0,美人宠幸道具，使用后增加美人20点好感度。
1004,15,14,冰凌发簪,3,1=50 3=50,1=35 2=65,1=10 2=1000,200,200,200,0,美人宠幸道具，使用后增加美人20点好感度。
1005,15,17,碧纹琥珀,4,1=50 3=50,1=35 2=65,1=40 2=4000,100,100,100,0,美人宠幸道具，使用后增加美人80点好感度。
1006,15,18,月明珠,5,1=50 3=50,1=35 2=65,1=50 2=5000,100,100,100,0,美人宠幸道具，使用后增加美人100点好感度。
1007,18,19,和氏璧,5,1=70 3=30,1=35 2=65,1=120 2=12000,300,300,300,0,美人突破所需唯一材料。
1008,23,31,初级技能书,2,5=100,2=100,1=2 2=200,200,200,200,0,技能升级所需道具，普通副本1-5章较低概率掉落。
1009,23,32,中级技能书,3,5=100,1=35 2=65,1=3 2=300,300,300,300,0,技能升级所需道具，普通副本6-10章较低概率掉落。
1010,23,33,高级技能书,4,1=50 5=50,1=35 2=65,1=4 2=400,200,200,200,0,技能升级所需道具，普通副本11-15章较低概率掉落。
1011,23,34,超级技能书,5,1=50 5=50,1=35 2=65,1=5 2=500,300,300,300,0,技能升级所需道具，普通副本16-20章较低概率掉落。
1012,27,1,低级经验药,1,10=100,2=100,2=50,50,50,50,0,使用后提升指定武将50点经验。
1013,27,2,中级经验药,2,5=100,1=35 2=65,1=2 2=200,150,150,150,0,使用后提升指定武将200点经验。
1014,27,3,高级经验药,3,1=50 5=100,1=35 2=65,1=10 2=1000,700,700,700,0,使用后提升指定武将1000点经验。
1015,27,4,特级经验药,4,1=100,1=35 2=65,1=50 2=5000,100,100,100,0,使用后提升指定武将5000点经验。
1016,25,4007,七星宝刀碎片,3,1=50 2=50,2=100,1=50 2=4960,47,47,47,0,七颗珠宝依北斗七星状镶嵌在刀把上，甚是华丽
1017,25,4008,双铁戟碎片,3,1=50 2=50,2=100,1=50 2=4960,47,47,47,0,挥动起来呼呼作响，一看就很厉害的样子
1018,25,4010,古锭刀碎片,3,1=50 2=50,2=100,1=50 2=4960,47,47,47,0,这把刀拿着它就能感到刀把上的杀气
1019,25,4011,固陵刀碎片,3,1=50 2=50,2=100,1=50 2=4960,47,47,47,0,江南巧匠制造的宝刀，其貌不扬，但是威力强大
1020,25,4014,八卦剑碎片,3,1=50 2=50,2=100,1=50 2=4960,47,47,47,0,这口宝剑铸造时倚八卦而生两仪，深合循环无端之理
1021,25,4015,豪风蓝凤杖碎片,3,1=50 2=50,2=100,1=50 2=4960,47,47,47,0,据说是取自灵兽凤凰羽毛而制，拿在手里都感觉摄人心魂
1022,25,4016,牡丹玉琵琶碎片,3,1=50 2=50,2=100,1=50 2=4960,47,47,47,0,上好木制琵琶，边角饰以牡丹图案和美玉，雍容华贵
1023,25,4017,贯石斧碎片,3,1=50 2=50,2=100,1=50 2=4960,47,47,47,0,这把斧头形状巨大，力能破石，故得其名
1024,25,4018,宝雕弓碎片,3,1=50 2=50,2=100,1=50 2=4960,47,47,47,0,这把长弓周边精雕细琢，却又不影响手感，甚是难得
1025,25,4054,百兽甲碎片,3,1=50 2=50,2=100,1=50 2=4960,47,47,47,0,取百兽皮甲做成的衣服，能很好的保护身体
1026,25,4055,雁翎甲碎片,3,1=50 2=50,2=100,1=50 2=4960,47,47,47,0,大雁翎毛做成的铠甲，柔软舒服，却又能很好的保护周身
1027,25,4056,亮银铠碎片,3,1=50 2=50,2=100,1=50 2=4960,47,47,47,0,一件银光闪闪的铁甲，能有效的闪瞎敌人的眼睛
1028,25,4057,磐石铠碎片,3,1=50 2=50,2=100,1=50 2=4960,47,47,47,0,一件厚重的铠甲，穿起来都需要足够的力量
1029,25,4060,太平道袍碎片,3,1=50 2=50,2=100,1=50 2=4960,47,47,47,0,太平道祖师留下的法袍，据说蕴含有强大的灵气
1030,25,4061,连环甲碎片,3,1=50 2=50,2=100,1=50 2=4960,47,47,47,0,这件铠甲一环套一环，牢不可破，故名连环甲，
1031,25,4105,雁回金盔碎片,3,1=50 2=50,2=100,1=50 2=4960,47,47,47,0,取自大雁回转，盔顶弯曲，十分取巧
1032,25,4106,飞骑翔盔碎片,3,1=50 2=50,2=100,1=50 2=4960,47,47,47,0,骑兵常用的帽子，符合人体工学设计
1033,25,4107,琉璃紫冠碎片,3,1=50 2=50,2=100,1=50 2=4960,47,47,47,0,这件盔甲出自江南大家手中，自带有一股威严的名门正气
1034,25,4109,宝马灵盔碎片,3,1=50 2=50,2=100,1=50 2=4960,47,47,47,0,这件轻盈的头盔造型华美，佩戴起来有如无物，乃不可多得的宝物
1035,25,4154,疾风靴碎片,3,1=50 2=50,2=100,1=50 2=4960,47,47,47,0,走起路来轻飘飘的的，仿佛断绝了人世间的尘缘一样
1036,25,4158,碎影轻靴碎片,3,1=50 2=50,2=100,1=50 2=4960,47,47,47,0,这双靴子掷地有声，像是能踏碎万物一般，气场极大
1037,25,4159,炼血战靴碎片,3,1=50 2=50,2=100,1=50 2=4960,,,,0,一双暗红色的战靴，上面的渍渍献血显得阴森森的
1038,25,4006,诸葛连弩碎片,3,1=50 2=50,2=100,1=50 2=4960,,,,0,武侯发明的连弩，一次可以射出多支弓箭
1039,25,4009,火云刀碎片,3,1=50 2=50,2=100,1=50 2=4960,,,,0,一把失传多年的宝刀，但是依然削铁如泥
1040,25,4012,三尖两刃刀碎片,3,1=50 2=50,2=100,1=50 2=4960,,,,0,前端有三叉刀形，刀身两面有刃，即可当刀，亦可当铲
1041,25,4013,七星剑碎片,3,1=50 2=50,2=100,1=50 2=4960,,,,0,此剑乃上古神兵，依星辰之理而铸，隐现杀气
1042,25,4058,霓虹羽衣碎片,3,1=50 2=50,2=100,1=50 2=4960,,,,0,闪耀着奇异光芒的羽衣，华美不可方物，乃不可多得的宝物
1043,25,4104,牛魔面甲碎片,3,1=50 2=50,2=100,1=50 2=4960,,,,0,面容好似魔神面孔一般，戴上以后却十分合适
1044,25,4156,游龙靴碎片,3,1=50 2=50,2=100,1=50 2=4960,,,,0,靴边绣有一条游龙，故得其名
1045,25,4157,逐光轻靴碎片,3,1=50 2=50,2=100,1=50 2=4960,,,,0,这件靴子质地很轻，但是便于奔跑，故曰：逐光
1046,25,4019,青龙偃月刀碎片,4,1=80 2=20,1=100,1=128 2=12800,13,13,13,0,刀长八尺，重八十二斤，刀身宛如一条出水青龙直冲云霄
1047,25,4020,丈八蛇矛碎片,4,1=80 2=20,1=100,1=128 2=12800,13,13,13,0,这把长矛入一条蟒蛇一般，形状怪异，甚是难防
1048,25,4022,方天画戟碎片,4,1=80 2=20,1=100,1=128 2=12800,13,13,13,0,这把画戟寒光闪闪，杀气腾腾，非一般常人所能驾驭
1049,25,4023,龙胆亮银枪碎片,4,1=80 2=20,1=100,1=128 2=12800,13,13,13,0,枪头刻有龙头，周身点点银光，舞动起来轻盈顺手
1050,25,4024,虎头湛金枪碎片,4,1=80 2=20,1=100,1=128 2=12800,13,13,13,0,这杆枪镶金带银，枪头则坠饰有一个狰狞虎头，非寻常物
1051,25,4025,龙凤双股剑碎片,4,1=80 2=20,1=100,1=128 2=12800,13,13,13,0,这把双剑左剑为龙，右剑为凤，碰撞之声可裂天地
1052,25,4026,朱雀羽扇碎片,4,1=80 2=20,1=100,1=128 2=12800,13,13,13,0,这把华贵的扇子是由朱雀羽毛制作而成，挥舞起来似乎能冒出火花
1053,25,4028,倚天剑碎片,4,1=80 2=20,1=100,1=128 2=12800,13,13,13,0,天下第一名剑，气场极强，剑刃吹毛可断，胆小者见之即败
1054,25,4030,天师符碎片,4,1=80 2=20,1=100,1=128 2=12800,13,13,13,0,蕴含着上古灵力的强大符咒，意志薄弱者拿在手里都会浑身颤抖
1055,25,4031,麒麟弓碎片,4,1=80 2=20,1=100,1=128 2=12800,13,13,13,0,用圣兽麒麟角制作的长弓，拉动起来仿佛有异兽怒吼一般
1056,25,4032,亢龙锏碎片,4,1=80 2=20,1=100,1=128 2=12800,13,13,13,0,此锏又称丧命锏，挥动起来犹如狂龙飞天，一旦出手必有血光之灾
1057,25,4062,红龙鳞甲碎片,4,1=80 2=20,1=100,1=128 2=12800,13,13,13,0,这件铠甲周身冒着赤红，乃是取的远古红龙鳞甲而作，刀枪不入，极其珍贵
1058,25,4063,浑天宝甲碎片,4,1=80 2=20,1=100,1=128 2=12800,13,13,13,0,这件宝衣经过七七四十九天熔炼而成，浑然一体，毫无破绽
1059,25,4064,烈火金尘碎片,4,1=80 2=20,1=100,1=128 2=12800,13,13,13,0,俗话说，真金不怕火炼，这件衣服的存在就印证了这一点
1060,25,4065,镏金五彩衣碎片,4,1=80 2=20,1=100,1=128 2=12800,13,13,13,0,这件铁甲外端饰有镀金，铠甲上又画有五彩花纹，高大上即视感
1061,25,4067,黄金锁子甲碎片,4,1=80 2=20,1=100,1=128 2=12800,13,13,13,0,这件锁甲全部用质地纯正的真金打造，就算将来和平了，也一定可以卖个好价钱
1062,25,4068,八宝连环甲碎片,4,1=80 2=20,1=100,1=128 2=12800,13,13,13,0,这件铠甲上面依八卦之象嵌有宝玉，环环相扣，能极大的抵挡伤害
1063,25,4069,亮银狮子铠碎片,4,1=80 2=20,1=100,1=128 2=12800,13,13,13,0,由亮银甲升级而来，外层批有一件狮皮，显得极其威武雄壮
1064,25,4070,五龙盘珠铠碎片,4,1=80 2=20,1=100,1=128 2=12800,13,13,13,0,这件珠光宝气的战甲上面还坠饰有5条飞龙刺青，看上去更像是艺术品
1065,25,4071,双龙珍珠甲碎片,4,1=80 2=20,1=100,1=128 2=12800,13,13,13,0,左右各有一条飞龙，正中掩心甲处饰有一颗明珠，看上去熠熠生辉
1066,25,4072,北地苍狼甲碎片,4,1=80 2=20,1=100,1=128 2=12800,13,13,13,0,来自极寒的匈奴，取自上好的狼皮精制而成，御寒效果极佳
1067,25,4074,仁王盾碎片,4,1=80 2=20,1=100,1=128 2=12800,13,13,13,0,这件与其说是衣服，不如说是盾牌，轻盈却防护力十足
1068,25,4075,紫金百花袍碎片,4,1=80 2=20,1=100,1=128 2=12800,13,13,13,0,这件衣袍上面绣有名花百朵，周身镶有金边，奢华无比
1069,25,4110,束发紫金冠碎片,4,1=80 2=20,1=100,1=128 2=12800,13,13,13,0,能将头发束起，让整个人都的感觉都变得飞一样
1070,25,4111,狂战面甲碎片,4,1=80 2=20,1=100,1=128 2=12800,13,13,13,0,这是一个阴森可怖的面具，放佛多看两眼就会让人发狂
1071,25,4112,金龙云盔碎片,4,1=80 2=20,1=100,1=128 2=12800,13,13,13,0,这个头盔浑然天成，好似一个龙头一般，气势如虹
1072,25,4113,青龙碧玉冠碎片,4,1=80 2=20,1=100,1=128 2=12800,13,13,13,0,锡山宝玉制造而成，背面是一条冉冉巨龙，故得其名
1073,25,4114,裂天凤纹盔碎片,4,1=80 2=20,1=100,1=128 2=12800,13,13,13,0,此盔形状怪异，仿佛一条凤凰盘踞天灵盖，英姿飒爽
1074,25,4115,虚空纶巾碎片,4,1=80 2=20,1=100,1=128 2=12800,13,13,13,0,这件纶巾本不应该存在于世，据说是从时空的裂痕发掘的，神秘无比
1075,25,4116,无双鬼才冠碎片,4,1=80 2=20,1=100,1=128 2=12800,13,13,13,0,这件头盔质地坚硬，带上后却丝毫不影响灵活性，真称得上是无双
1076,25,4117,鎏金盔碎片,4,1=80 2=20,1=100,1=128 2=12800,13,13,13,0,这件头盔周身由黄金打造，收藏价值反而大于实用价值
1077,25,4160,灰烬战靴碎片,4,1=80 2=20,1=100,1=128 2=12800,13,13,13,0,一双散发着邪气的战靴，据说是从一次火灾现场的灰烬中发现的
1078,25,4161,蟒鳞长靴碎片,4,1=80 2=20,1=100,1=128 2=12800,13,13,13,0,用巨蟒的皮精制而成，刀枪不入，水火不侵
1079,25,4162,蛟龙战靴碎片,4,1=80 2=20,1=100,1=128 2=12800,13,13,13,0,传说中取自深海蛟龙的龙鳞加工而成，穿上后有一种腾云驾雾的感觉
1080,25,4163,怒涛法履碎片,4,1=80 2=20,1=100,1=128 2=12800,13,13,13,0,海浪也要为之避退的法袍，蕴藏着天地之灵气
1081,25,4164,流星斗靴碎片,4,1=80 2=20,1=100,1=128 2=12800,13,13,13,0,如流星般迅捷的靴子，穿上他，动如雷霆，势如脱兔，锐不可当
1082,25,4165,瓮金战靴碎片,4,1=80 2=20,1=100,1=128 2=12800,,,,0,这件战靴外边勾金，尽显华贵本色，非大富大贵之人不可驾驭
1083,25,4021,青釭剑碎片,4,1=80 2=20,1=100,1=128 2=12800,,,,0,当世两大名剑之一，倚天立威，青釭杀人，在长坂为赵云所得
1084,25,4027,养由基弓碎片,4,1=80 2=20,1=100,1=128 2=12800,,,,0,看起来其貌不扬，但是声势惊人，射出去的箭似能贯穿一切
1085,25,4029,百鸟朝凰枪碎片,4,1=80 2=20,1=100,1=128 2=12800,,,,0,此枪其上工刻铭有灵鸟百只，枪头精雕凤凰一尊，极其华丽
1086,25,4066,狂龙火胄碎片,4,1=80 2=20,1=100,1=128 2=12800,,,,0,这件甲胄据说是取自一头凶恶的火龙，外观看起来就充满戾气，杀气腾腾
1087,25,4073,鹤氅碎片,4,1=80 2=20,1=100,1=128 2=12800,,,,0,这件鹤氅外表看起来普普通通，内在却极其舒适合身
1088,14,6021,踏破战魂,2,1=50 2=50,1=20 2=80,1=6 2=600,62,21,,0,良好武将进化基础战魂。
1089,14,6022,鼓舞战魂,2,1=50 2=50,1=20 2=80,1=6 2=600,62,21,,0,良好武将进化基础战魂。
1090,14,6023,不屈战魂,2,1=50 2=50,1=20 2=80,1=6 2=600,62,21,,0,良好武将进化基础战魂。
1091,14,6024,连环战魂,2,1=50 2=50,1=20 2=80,1=6 2=600,62,21,,0,良好武将进化基础战魂。
1092,14,6025,狙击战魂,2,1=50 2=50,1=20 2=80,1=6 2=600,62,21,,0,良好武将进化基础战魂。
1093,14,6026,穿杨战魂,2,1=50 2=50,1=20 2=80,1=6 2=600,62,21,,0,良好武将进化基础战魂。
1094,14,6027,神速战魂,2,1=50 2=50,1=20 2=80,1=6 2=600,62,21,,0,良好武将进化基础战魂。
1095,14,6028,万箭战魂,2,1=50 2=50,1=20 2=80,1=6 2=600,62,21,,0,良好武将进化基础战魂。
1096,14,6029,踏破二阶卷轴,2,1=50 2=50,1=20 2=80,1=6 2=600,62,21,,0,良好武将进化基础卷轴。
1097,14,6030,鼓舞二阶卷轴,2,1=50 2=50,1=20 2=80,1=6 2=600,62,21,,0,良好武将进化基础卷轴。
1098,14,6031,不屈二阶卷轴,2,1=50 2=50,1=20 2=80,1=6 2=600,62,21,,0,良好武将进化基础卷轴。
1099,14,6032,连环二阶卷轴,2,1=50 2=50,1=20 2=80,1=6 2=600,62,21,,0,良好武将进化基础卷轴。
1100,14,6033,狙击二阶卷轴,2,1=50 2=50,1=20 2=80,1=6 2=600,62,21,,0,良好武将进化基础卷轴。
1101,14,6034,穿杨二阶卷轴,2,1=50 2=50,1=20 2=80,1=6 2=600,62,21,,0,良好武将进化基础卷轴。
1102,14,6035,神速二阶卷轴,2,1=50 2=50,1=20 2=80,1=6 2=600,62,21,,0,良好武将进化基础卷轴。
1103,14,6036,万箭二阶卷轴,2,1=50 2=50,1=20 2=80,1=6 2=600,62,21,,0,良好武将进化基础卷轴。
1104,14,6041,踏破战魂二阶,2,1=50 2=50,1=20 2=80,1=18 2=1800,62,21,,0,良好武将进化二阶战魂。
1105,14,6042,鼓舞战魂二阶,2,1=50 2=50,1=20 2=80,1=18 2=1800,62,21,,0,良好武将进化二阶战魂。
1106,14,6043,不屈战魂二阶,2,1=50 2=50,1=20 2=80,1=18 2=1800,62,21,,0,良好武将进化二阶战魂。
1107,14,6044,连环战魂二阶,2,1=50 2=50,1=20 2=80,1=18 2=1800,62,21,,0,良好武将进化二阶战魂。
1108,14,6045,狙击战魂二阶,2,1=50 2=50,1=20 2=80,1=18 2=1800,62,21,,0,良好武将进化二阶战魂。
1109,14,6046,穿杨战魂二阶,2,1=50 2=50,1=20 2=80,1=18 2=1800,62,21,,0,良好武将进化二阶战魂。
1110,14,6047,神速战魂二阶,2,1=50 2=50,1=20 2=80,1=18 2=1800,62,21,,0,良好武将进化二阶战魂。
1111,14,6048,万箭战魂二阶,2,1=50 2=50,1=20 2=80,1=18 2=1800,62,21,,0,良好武将进化二阶战魂。
1112,14,6051,妙计战魂碎片,3,3=100,1=40 2=60,1=8 2=800,125,62,31,0,稀有武将进化基础战魂碎片。
1113,14,6052,妙手战魂碎片,3,3=100,1=40 2=60,1=8 2=800,125,62,31,0,稀有武将进化基础战魂碎片。
1114,14,6053,倾城战魂碎片,3,3=100,1=40 2=60,1=8 2=800,125,62,31,0,稀有武将进化基础战魂碎片。
1115,14,6054,深谋战魂碎片,3,3=100,1=40 2=60,1=8 2=800,125,62,31,0,稀有武将进化基础战魂碎片。
1116,14,6055,远射战魂碎片,3,3=100,1=40 2=60,1=8 2=800,125,62,31,0,稀有武将进化基础战魂碎片。
1117,14,6056,道法战魂碎片,3,3=100,1=40 2=60,1=8 2=800,125,62,31,0,稀有武将进化基础战魂碎片。
1118,14,6057,洞察战魂碎片,3,3=100,1=40 2=60,1=8 2=800,125,62,31,0,稀有武将进化基础战魂碎片。
1119,14,6058,集结战魂碎片,3,3=100,1=40 2=60,1=8 2=800,125,62,31,0,稀有武将进化基础战魂碎片。
1120,14,6059,妙计二阶卷轴碎片,3,3=100,1=40 2=60,1=8 2=800,125,62,31,0,稀有武将进化基础卷轴碎片。
1121,14,6060,妙手二阶卷轴碎片,3,3=100,1=40 2=60,1=8 2=800,125,62,31,0,稀有武将进化基础卷轴碎片。
1122,14,6061,倾城二阶卷轴碎片,3,3=100,1=40 2=60,1=8 2=800,125,62,31,0,稀有武将进化基础卷轴碎片。
1123,14,6062,深谋二阶卷轴碎片,3,3=100,1=40 2=60,1=8 2=800,125,62,31,0,稀有武将进化基础卷轴碎片。
1124,14,6063,远射二阶卷轴碎片,3,3=100,1=40 2=60,1=8 2=800,125,62,31,0,稀有武将进化基础卷轴碎片。
1125,14,6064,道法二阶卷轴碎片,3,3=100,1=40 2=60,1=8 2=800,125,62,31,0,稀有武将进化基础卷轴碎片。
1126,14,6065,洞察二阶卷轴碎片,3,3=100,1=40 2=60,1=8 2=800,125,62,31,0,稀有武将进化基础卷轴碎片。
1127,14,6066,集结二阶卷轴碎片,3,3=100,1=40 2=60,1=8 2=800,125,62,31,0,稀有武将进化基础卷轴碎片。
1128,14,6071,妙计战魂,3,1=100,1=40 2=60,1=40 2=4000,125,125,62,0,稀有武将进化基础战魂。
1129,14,6072,妙手战魂,3,1=100,1=40 2=60,1=40 2=4000,125,125,62,0,稀有武将进化基础战魂。
1130,14,6073,倾城战魂,3,1=100,1=40 2=60,1=40 2=4000,125,125,62,0,稀有武将进化基础战魂。
1131,14,6074,深谋战魂,3,1=100,1=40 2=60,1=40 2=4000,125,125,62,0,稀有武将进化基础战魂。
1132,14,6075,远射战魂,3,1=100,1=40 2=60,1=40 2=4000,125,125,62,0,稀有武将进化基础战魂。
1133,14,6076,道法战魂,3,1=100,1=40 2=60,1=40 2=4000,125,125,62,0,稀有武将进化基础战魂。
1134,14,6077,洞察战魂,3,1=100,1=40 2=60,1=40 2=4000,125,126,62,0,稀有武将进化基础战魂。
1135,14,6078,集结战魂,3,1=100,1=40 2=60,1=40 2=4000,125,125,62,0,稀有武将进化基础战魂。
1136,14,6079,妙计二阶卷轴,3,1=100,1=40 2=60,1=40 2=4000,125,125,62,0,稀有武将进化基础卷轴。
1137,14,6080,妙手二阶卷轴,3,1=100,1=40 2=60,1=40 2=4000,125,125,62,0,稀有武将进化基础卷轴。
1138,14,6081,倾城二阶卷轴,3,1=100,1=40 2=60,1=40 2=4000,125,125,62,0,稀有武将进化基础卷轴。
1139,14,6082,深谋二阶卷轴,3,1=100,1=40 2=60,1=40 2=4000,125,125,62,0,稀有武将进化基础卷轴。
1140,14,6083,远射二阶卷轴,3,1=100,1=40 2=60,1=40 2=4000,125,125,62,0,稀有武将进化基础卷轴。
1141,14,6084,道法二阶卷轴,3,1=100,1=40 2=60,1=40 2=4000,125,125,62,0,稀有武将进化基础卷轴。
1142,14,6085,洞察二阶卷轴,3,1=100,1=40 2=60,1=40 2=4000,125,125,62,0,稀有武将进化基础卷轴。
1143,14,6086,集结二阶卷轴,3,1=100,1=40 2=60,1=40 2=4000,125,125,62,0,稀有武将进化基础卷轴。
1144,14,6091,妙计战魂二阶,3,1=100,1=40 2=60,1=86 2=8600,,125,125,0,稀有武将进化二阶战魂。
1145,14,6092,妙手战魂二阶,3,1=100,1=40 2=60,1=86 2=8600,,125,125,0,稀有武将进化二阶战魂。
1146,14,6093,倾城战魂二阶,3,1=100,1=40 2=60,1=86 2=8600,,125,125,0,稀有武将进化二阶战魂。
1147,14,6094,深谋战魂二阶,3,1=100,1=40 2=60,1=86 2=8600,,125,125,0,稀有武将进化二阶战魂。
1148,14,6095,远射战魂二阶,3,1=100,1=40 2=60,1=86 2=8600,,125,125,0,稀有武将进化二阶战魂。
1149,14,6096,道法战魂二阶,3,1=100,1=40 2=60,1=86 2=8600,,125,125,0,稀有武将进化二阶战魂。
1150,14,6097,洞察战魂二阶,3,1=100,1=40 2=60,1=86 2=8600,,125,125,0,稀有武将进化二阶战魂。
1151,14,6098,集结战魂二阶,3,1=100,1=40 2=60,1=86 2=8600,,125,125,0,稀有武将进化二阶战魂。
1152,14,6101,兵心战魂碎片,4,1=65 2=35,1=40 2=60,1=11 2=1100,,31,31,0,史诗武将进化基础战魂碎片。
1153,14,6102,护卫战魂碎片,4,1=65 2=35,1=40 2=60,1=11 2=1100,,31,31,0,史诗武将进化基础战魂碎片。
1154,14,6103,强袭战魂碎片,4,1=65 2=35,1=40 2=60,1=11 2=1100,,31,31,0,史诗武将进化基础战魂碎片。
1155,14,6104,铁壁战魂碎片,4,1=65 2=35,1=40 2=60,1=11 2=1100,,31,31,0,史诗武将进化基础战魂碎片。
1156,14,6105,无懈战魂碎片,4,1=65 2=35,1=40 2=60,1=11 2=1100,,31,31,0,史诗武将进化基础战魂碎片。
1157,14,6106,霸者战魂碎片,4,1=65 2=35,1=40 2=60,1=11 2=1100,,31,31,0,史诗武将进化基础战魂碎片。
1158,14,6107,沉着战魂碎片,4,1=65 2=35,1=40 2=60,1=11 2=1100,,31,31,0,史诗武将进化基础战魂碎片。
1159,14,6108,鬼谋战魂碎片,4,1=65 2=35,1=40 2=60,1=11 2=1100,,31,31,0,史诗武将进化基础战魂碎片。
1160,14,6109,兵心二阶卷轴碎片,4,1=65 2=35,1=40 2=60,1=11 2=1100,,31,31,0,史诗武将进化基础卷轴碎片。
1161,14,6110,护卫二阶卷轴碎片,4,1=65 2=35,1=40 2=60,1=11 2=1100,,31,31,0,史诗武将进化基础卷轴碎片。
1162,14,6111,强袭二阶卷轴碎片,4,1=65 2=35,1=40 2=60,1=11 2=1100,,31,31,0,史诗武将进化基础卷轴碎片。
1163,14,6112,铁壁二阶卷轴碎片,4,1=65 2=35,1=40 2=60,1=11 2=1100,,31,31,0,史诗武将进化基础卷轴碎片。
1164,14,6113,无懈二阶卷轴碎片,4,1=65 2=35,1=40 2=60,1=11 2=1100,,31,31,0,史诗武将进化基础卷轴碎片。
1165,14,6114,霸者二阶卷轴碎片,4,1=65 2=35,1=40 2=60,1=11 2=1100,,31,31,0,史诗武将进化基础卷轴碎片。
1166,14,6115,沉着二阶卷轴碎片,4,1=65 2=35,1=40 2=60,1=11 2=1100,,31,31,0,史诗武将进化基础卷轴碎片。
1167,14,6116,鬼谋二阶卷轴碎片,4,1=65 2=35,1=40 2=60,1=11 2=1100,,31,31,0,史诗武将进化基础卷轴碎片。
1168,14,6151,遁走战魂碎片,4,1=65 2=35,1=40 2=60,1=15 2=1500,,31,31,0,史诗武将进化基础战魂碎片。
1169,14,6152,豪杰战魂碎片,4,1=65 2=35,1=40 2=60,1=15 2=1500,,31,31,0,史诗武将进化基础战魂碎片。
1170,14,6153,金刚战魂碎片,4,1=65 2=35,1=40 2=60,1=15 2=1500,,31,31,0,史诗武将进化基础战魂碎片。
1171,14,6154,结义战魂碎片,4,1=65 2=35,1=40 2=60,1=15 2=1500,,31,31,0,史诗武将进化基础战魂碎片。
1172,14,6155,复仇战魂碎片,4,1=65 2=35,1=40 2=60,1=15 2=1500,,31,31,0,史诗武将进化基础战魂碎片。
1173,14,6156,诡计战魂碎片,4,1=65 2=35,1=40 2=60,1=15 2=1500,,31,31,0,史诗武将进化基础战魂碎片。
1174,14,6157,离间战魂碎片,4,1=65 2=35,1=40 2=60,1=15 2=1500,,31,31,0,史诗武将进化基础战魂碎片。
1175,14,6158,明镜战魂碎片,4,1=65 2=35,1=40 2=60,1=15 2=1500,,31,31,0,史诗武将进化基础战魂碎片。
1176,14,6159,遁走二阶卷轴碎片,4,1=65 2=35,1=40 2=60,1=15 2=1500,,31,31,0,史诗武将进化基础卷轴碎片。
1177,14,6160,豪杰二阶卷轴碎片,4,1=65 2=35,1=40 2=60,1=15 2=1500,,31,31,0,史诗武将进化基础卷轴碎片。
1178,14,6161,金刚二阶卷轴碎片,4,1=65 2=35,1=40 2=60,1=15 2=1500,,31,31,0,史诗武将进化基础卷轴碎片。
1179,14,6162,结义二阶卷轴碎片,4,1=65 2=35,1=40 2=60,1=15 2=1500,,31,31,0,史诗武将进化基础卷轴碎片。
1180,14,6163,复仇二阶卷轴碎片,4,1=65 2=35,1=40 2=60,1=15 2=1500,,31,31,0,史诗武将进化基础卷轴碎片。
1181,14,6164,诡计二阶卷轴碎片,4,1=65 2=35,1=40 2=60,1=15 2=1500,,31,31,0,史诗武将进化基础卷轴碎片。
1182,14,6165,离间二阶卷轴碎片,4,1=65 2=35,1=40 2=60,1=15 2=1500,,31,31,0,史诗武将进化基础卷轴碎片。
1183,14,6166,明镜二阶卷轴碎片,4,1=65 2=35,1=40 2=60,1=15 2=1500,,31,31,0,史诗武将进化基础卷轴碎片。
1184,14,6121,兵心战魂,4,1=100,1=70 2=30,1=220 2=22000,,,25,0,史诗武将进化基础战魂。
1185,14,6122,护卫战魂,4,1=100,1=70 2=30,1=220 2=22000,,,25,0,史诗武将进化基础战魂。
1186,14,6123,强袭战魂,4,1=100,1=70 2=30,1=220 2=22000,,,25,0,史诗武将进化基础战魂。
1187,14,6124,铁壁战魂,4,1=100,1=70 2=30,1=220 2=22000,,,25,0,史诗武将进化基础战魂。
1188,14,6125,无懈战魂,4,1=100,1=70 2=30,1=220 2=22000,,,25,0,史诗武将进化基础战魂。
1189,14,6126,霸者战魂,4,1=100,1=70 2=30,1=220 2=22000,,,25,0,史诗武将进化基础战魂。
1190,14,6127,沉着战魂,4,1=100,1=70 2=30,1=220 2=22000,,,25,0,史诗武将进化基础战魂。
1191,14,6128,鬼谋战魂,4,1=100,1=70 2=30,1=220 2=22000,,,25,0,史诗武将进化基础战魂。
1192,14,6129,兵心二阶卷轴,4,1=100,1=70 2=30,1=220 2=22000,,,25,0,史诗武将进化基础卷轴。
1193,14,6130,护卫二阶卷轴,4,1=100,1=70 2=30,1=220 2=22000,,,25,0,史诗武将进化基础卷轴。
1194,14,6131,强袭二阶卷轴,4,1=100,1=70 2=30,1=220 2=22000,,,25,0,史诗武将进化基础卷轴。
1195,14,6132,铁壁二阶卷轴,4,1=100,1=70 2=30,1=220 2=22000,,,25,0,史诗武将进化基础卷轴。
1196,14,6133,无懈二阶卷轴,4,1=100,1=70 2=30,1=220 2=22000,,,25,0,史诗武将进化基础卷轴。
1197,14,6134,霸者二阶卷轴,4,1=100,1=70 2=30,1=220 2=22000,,,25,0,史诗武将进化基础卷轴。
1198,14,6135,沉着二阶卷轴,4,1=100,1=70 2=30,1=220 2=22000,,,25,0,史诗武将进化基础卷轴。
1199,14,6136,鬼谋二阶卷轴,4,1=100,1=70 2=30,1=220 2=22000,,,25,0,史诗武将进化基础卷轴。
1200,14,6171,遁走战魂,4,1=100,1=80 2=20,1=550 2=55000,,,25,0,史诗武将进化基础战魂。
1201,14,6172,豪杰战魂,4,1=100,1=80 2=20,1=550 2=55000,,,25,0,史诗武将进化基础战魂。
1202,14,6173,金刚战魂,4,1=100,1=80 2=20,1=550 2=55000,,,25,0,史诗武将进化基础战魂。
1203,14,6174,结义战魂,4,1=100,1=80 2=20,1=550 2=55000,,,25,0,史诗武将进化基础战魂。
1204,14,6175,复仇战魂,4,1=100,1=80 2=20,1=550 2=55000,,,25,0,史诗武将进化基础战魂。
1205,14,6176,诡计战魂,4,1=100,1=80 2=20,1=550 2=55000,,,25,0,史诗武将进化基础战魂。
1206,14,6177,离间战魂,4,1=100,1=80 2=20,1=550 2=55000,,,25,0,史诗武将进化基础战魂。
1207,14,6178,明镜战魂,4,1=100,1=80 2=20,1=550 2=55000,,,25,0,史诗武将进化基础战魂。
1208,14,6179,遁走二阶卷轴,4,1=100,1=80 2=20,1=550 2=55000,,,25,0,史诗武将进化基础卷轴。
1209,14,6180,豪杰二阶卷轴,4,1=100,1=80 2=20,1=550 2=55000,,,25,0,史诗武将进化基础卷轴。
1210,14,6181,金刚二阶卷轴,4,1=100,1=80 2=20,1=550 2=55000,,,25,0,史诗武将进化基础卷轴。
1211,14,6182,结义二阶卷轴,4,1=100,1=80 2=20,1=550 2=55000,,,25,0,史诗武将进化基础卷轴。
1212,14,6183,复仇二阶卷轴,4,1=100,1=80 2=20,1=550 2=55000,,,25,0,史诗武将进化基础卷轴。
1213,14,6184,诡计二阶卷轴,4,1=100,1=80 2=20,1=550 2=55000,,,25,0,史诗武将进化基础卷轴。
1214,14,6185,离间二阶卷轴,4,1=100,1=80 2=20,1=550 2=55000,,,25,0,史诗武将进化基础卷轴。
1215,14,6186,明镜二阶卷轴,4,1=100,1=80 2=20,1=550 2=55000,,,25,0,史诗武将进化基础卷轴。
1216,14,6141,兵心战魂二阶,4,1=100,1=100,1=526 ,,,31,0,史诗武将进化二阶战魂。
1217,14,6142,护卫战魂二阶,4,1=100,1=100,1=526 ,,,31,0,史诗武将进化二阶战魂。
1218,14,6143,强袭战魂二阶,4,1=100,1=100,1=526 ,,,31,0,史诗武将进化二阶战魂。
1219,14,6144,铁壁战魂二阶,4,1=100,1=100,1=526 ,,,31,0,史诗武将进化二阶战魂。
1220,14,6145,无懈战魂二阶,4,1=100,1=100,1=526 ,,,31,0,史诗武将进化二阶战魂。
1221,14,6146,霸者战魂二阶,4,1=100,1=100,1=526 ,,,31,0,史诗武将进化二阶战魂。
1222,14,6147,沉着战魂二阶,4,1=100,1=100,1=526 ,,,31,0,史诗武将进化二阶战魂。
1223,14,6148,鬼谋战魂二阶,4,1=100,1=100,1=526 ,,,31,0,史诗武将进化二阶战魂。
1224,14,6191,遁走战魂二阶,4,1=100,1=100,1=1586 ,,,31,0,史诗武将进化二阶战魂。
1225,14,6192,豪杰战魂二阶,4,1=100,1=100,1=1586 ,,,31,0,史诗武将进化二阶战魂。
1226,14,6193,金刚战魂二阶,4,1=100,1=100,1=1586 ,,,31,0,史诗武将进化二阶战魂。
1227,14,6194,结义战魂二阶,4,1=100,1=100,1=1586 ,,,31,0,史诗武将进化二阶战魂。
1228,14,6195,复仇战魂二阶,4,1=100,1=100,1=1586 ,,,31,0,史诗武将进化二阶战魂。
1229,14,6196,诡计战魂二阶,4,1=100,1=100,1=1586 ,,,31,0,史诗武将进化二阶战魂。
1230,14,6197,离间战魂二阶,4,1=100,1=100,1=1586 ,,,31,0,史诗武将进化二阶战魂。
1231,14,6198,明镜战魂二阶,4,1=100,1=100,1=1586 ,,,31,0,史诗武将进化二阶战魂。
1232,14,6201,临兵战魂碎片,5,1=100,1=100,1=24 ,,,62,0,传说武将进化基础战魂碎片。
1233,14,6202,斗圣战魂碎片,5,1=100,1=100,1=24 ,,,62,0,传说武将进化基础战魂碎片。
1234,14,6203,浴血战魂碎片,5,1=100,1=100,1=24 ,,,62,0,传说武将进化基础战魂碎片。
1235,14,6204,王霸战魂碎片,5,1=100,1=100,1=24 ,,,62,0,传说武将进化基础战魂碎片。
1236,14,6205,英武战魂碎片,5,1=100,1=100,1=24 ,,,62,0,传说武将进化基础战魂碎片。
1237,14,6206,枭雄战魂碎片,5,1=100,1=100,1=24 ,,,62,0,传说武将进化基础战魂碎片。
1238,14,6207,傲世战魂碎片,5,1=100,1=100,1=24 ,,,62,0,传说武将进化基础战魂碎片。
1239,14,6208,千军战魂碎片,5,1=100,1=100,1=24 ,,,62,0,传说武将进化基础战魂碎片。
1240,14,6211,临兵战魂,5,1=100,1=100,1=1440 ,,,25,0,传说武将进化基础战魂。
1241,14,6212,斗圣战魂,5,1=100,1=100,1=1440 ,,,25,0,传说武将进化基础战魂。
1242,14,6213,浴血战魂,5,1=100,1=100,1=1440 ,,,25,0,传说武将进化基础战魂。
1243,14,6214,王霸战魂,5,1=100,1=100,1=1440 ,,,25,0,传说武将进化基础战魂。
1244,14,6215,英武战魂,5,1=100,1=100,1=1440 ,,,25,0,传说武将进化基础战魂。
1245,14,6216,枭雄战魂,5,1=100,1=100,1=1440 ,,,25,0,传说武将进化基础战魂。
1246,14,6217,傲世战魂,5,1=100,1=100,1=1440 ,,,25,0,传说武将进化基础战魂。
1247,14,6218,千军战魂,5,1=100,1=100,1=1440 ,,,25,0,传说武将进化基础战魂。
1248,8,2001,张飞,1,2=100,1=70 2=30,1=40 2=8000,71,71,71,1,收集10个张飞碎片，可合成1星步兵武将张飞，且是其升星所需材料.
1249,8,2025,蔡文姬,1,2=100,1=70 2=30,1=40 2=8000,71,71,71,1,收集10个蔡文姬碎片，可合成1星军师武将蔡文姬，且是其升星所需材料.
1250,8,2151,张角,1,2=100,1=70 2=30,1=40 2=8000,71,71,71,1,收集10个张角碎片，可合成1星军师武将张角，且是其升星所需材料.
1251,8,2098,华雄,1,2=100,1=70 2=30,1=40 2=8000,71,71,71,1,收集10个华雄碎片，可合成1星骑兵武将华雄，且是其升星所需材料.
1252,8,2064,太史慈,1,2=100,1=70 2=30,1=40 2=8000,71,71,71,1,收集10个太史慈碎片，可合成1星弓兵武将太史慈，且是其升星所需材料.
1253,8,2066,于禁,1,2=100,1=70 2=30,1=40 2=8000,71,71,71,1,收集10个于禁碎片，可合成1星弓兵武将于禁，且是其升星所需材料.
1254,8,2044,程普,1,2=100,1=70 2=30,1=40 2=8000,71,71,71,1,收集10个程普碎片，可合成1星骑兵武将程普，且是其升星所需材料.
1255,8,2031,甘夫人,1,2=100,1=70 2=30,1=40 2=8000,71,71,71,1,收集10个甘夫人碎片，可合成1星军师武将甘夫人，且是其升星所需材料.
1256,8,2028,步练师,1,2=100,1=70 2=30,1=40 2=8000,71,71,71,1,收集10个步练师碎片，可合成1星骑兵武将步练师，且是其升星所需材料.
1257,8,2026,大乔,2,2=100,1=70 2=30,1=40 2=8000,71,71,71,1,收集30个大乔碎片，可合成2星军师武将大乔，且是其升星所需材料.
1258,8,2050,颜良,2,2=100,1=70 2=30,1=40 2=8000,71,71,71,1,收集30个颜良碎片，可合成2星骑兵武将颜良，且是其升星所需材料.
1259,8,2042,文丑,2,2=100,1=70 2=30,1=40 2=8000,71,71,71,1,收集30个文丑碎片，可合成2星骑兵武将文丑，且是其升星所需材料.
1260,8,2069,徐晃,2,2=100,1=70 2=30,1=40 2=8000,71,71,71,1,收集30个徐晃碎片，可合成2星骑兵武将徐晃，且是其升星所需材料.
1261,8,2259,董卓,2,2=100,1=70 2=30,1=40 2=8000,71,71,71,1,收集30个董卓碎片，可合成2星步兵武将董卓，且是其升星所需材料.
1262,8,2070,魏延,2,2=100,1=70 2=30,1=40 2=8000,90,90,90,3,收集30个魏延碎片，可合成2星步兵武将魏延，且是其升星所需材料.
1263,8,2023,小乔,2,2=100,1=70 2=30,1=40 2=8000,90,90,90,3,收集30个小乔碎片，可合成2星弓兵武将小乔，且是其升星所需材料.
1264,8,2175,陈宫,2,2=100,1=70 2=30,1=40 2=8000,90,90,90,3,收集30个陈宫碎片，可合成2星军师武将陈宫，且是其升星所需材料.
1265,8,2111,公孙瓒,2,2=100,1=70 2=30,1=40 2=8000,90,90,90,3,收集30个公孙瓒碎片，可合成2星骑兵武将公孙瓒，且是其升星所需材料.
1266,8,2018,张辽,3,2=100,1=70 2=30,1=40 2=8000,90,90,90,3,收集80个张辽碎片，可合成3星骑兵武将张辽，且是其升星所需材料.
1267,8,2007,郭嘉,3,2=100,1=70 2=30,1=40 2=8000,90,90,90,3,收集80个郭嘉碎片，可合成3星军师武将郭嘉，且是其升星所需材料.
1268,8,2051,吕蒙,3,2=100,1=70 2=30,1=40 2=8000,90,90,90,3,收集80个吕蒙碎片，可合成3星骑兵武将吕蒙，且是其升星所需材料.
1269,8,2006,甘宁,3,2=100,1=70 2=30,1=40 2=8000,90,90,90,3,收集80个甘宁碎片，可合成3星步兵武将甘宁，且是其升星所需材料.
1270,8,2004,夏侯惇,3,2=100,1=70 2=30,1=40 2=8000,90,90,90,3,收集80个夏侯惇碎片，可合成3星步兵武将夏侯惇，且是其升星所需材料.
1271,8,2060,庞统,3,2=100,1=70 2=30,1=40 2=8000,90,90,90,3,收集80个庞统碎片，可合成3星军师武将庞统，且是其升星所需材料.
1272,8,2058,贾诩,3,2=100,1=70 2=30,1=40 2=8000,90,90,90,3,收集80个贾诩碎片，可合成3星军师武将贾诩，且是其升星所需材料.
,,,,,,,,,,,,
,,,,,,,,,,,,
,商店3级,,,,,,,,,,,
2001,15,17,碧纹琥珀,4,3=100,1=50 2=50,1=40 2=4000,300,300,300,0,美人宠幸道具，使用后增加美人80点好感度。
2002,15,18,月明珠,5,1=50 3=50,1=50 2=50,1=50 2=5000,300,300,300,0,美人宠幸道具，使用后增加美人100点好感度。
2003,18,19,和氏璧,5,1=30 3=70,1=100,1=120 2=12000,400,400,400,0,美人突破所需唯一材料。
2004,23,33,高级技能书,4,5=100,1=50 2=50,1=4 2=400,500,500,500,0,技能升级所需道具，普通副本11-15章较低概率掉落。
2005,23,34,超级技能书,5,5=100,1=50 2=50,1=5 2=500,500,500,500,0,技能升级所需道具，普通副本16-20章较低概率掉落。
2006,27,3,高级经验药,3,5=100,1=50 2=50,1=10 2=1000,500,500,500,0,使用后提升指定武将1000点经验。
2007,27,4,特级经验药,4,1=50 3=50,1=100,1=50 2=5000,500,500,500,0,使用后提升指定武将5000点经验。
2008,25,4019,青龙偃月刀碎片,4,1=30 3=70,1=100,1=128 2=12800,27,27,27,0,刀长八尺，重八十二斤，刀身宛如一条出水青龙直冲云霄
2009,25,4020,丈八蛇矛碎片,4,1=30 3=70,1=100,1=128 2=12800,27,27,27,0,这把长矛入一条蟒蛇一般，形状怪异，甚是难防
2010,25,4022,方天画戟碎片,4,1=30 3=70,1=100,1=128 2=12800,27,27,27,0,这把画戟寒光闪闪，杀气腾腾，非一般常人所能驾驭
2011,25,4023,龙胆亮银枪碎片,4,1=30 3=70,1=100,1=128 2=12800,27,27,27,0,枪头刻有龙头，周身点点银光，舞动起来轻盈顺手
2012,25,4024,虎头湛金枪碎片,4,1=30 3=70,1=100,1=128 2=12800,27,27,27,0,这杆枪镶金带银，枪头则坠饰有一个狰狞虎头，非寻常物
2013,25,4025,龙凤双股剑碎片,4,1=30 3=70,1=100,1=128 2=12800,27,27,27,0,这把双剑左剑为龙，右剑为凤，碰撞之声可裂天地
2014,25,4026,朱雀羽扇碎片,4,1=30 3=70,1=100,1=128 2=12800,27,27,27,0,这把华贵的扇子是由朱雀羽毛制作而成，挥舞起来似乎能冒出火花
2015,25,4028,倚天剑碎片,4,1=30 3=70,1=100,1=128 2=12800,27,27,27,0,天下第一名剑，气场极强，剑刃吹毛可断，胆小者见之即败
2016,25,4030,天师符碎片,4,1=30 3=70,1=100,1=128 2=12800,27,27,27,0,蕴含着上古灵力的强大符咒，意志薄弱者拿在手里都会浑身颤抖
2017,25,4031,麒麟弓碎片,4,1=30 3=70,1=100,1=128 2=12800,27,27,27,0,用圣兽麒麟角制作的长弓，拉动起来仿佛有异兽怒吼一般
2018,25,4032,亢龙锏碎片,4,1=30 3=70,1=100,1=128 2=12800,27,27,27,0,此锏又称丧命锏，挥动起来犹如狂龙飞天，一旦出手必有血光之灾
2019,25,4062,红龙鳞甲碎片,4,1=30 3=70,1=100,1=128 2=12800,27,27,27,0,这件铠甲周身冒着赤红，乃是取的远古红龙鳞甲而作，刀枪不入，极其珍贵
2020,25,4063,浑天宝甲碎片,4,1=30 3=70,1=100,1=128 2=12800,27,27,27,0,这件宝衣经过七七四十九天熔炼而成，浑然一体，毫无破绽
2021,25,4064,烈火金尘碎片,4,1=30 3=70,1=100,1=128 2=12800,27,27,27,0,俗话说，真金不怕火炼，这件衣服的存在就印证了这一点
2022,25,4065,镏金五彩衣碎片,4,1=30 3=70,1=100,1=128 2=12800,27,27,27,0,这件铁甲外端饰有镀金，铠甲上又画有五彩花纹，高大上即视感
2023,25,4067,黄金锁子甲碎片,4,1=30 3=70,1=100,1=128 2=12800,27,27,27,0,这件锁甲全部用质地纯正的真金打造，就算将来和平了，也一定可以卖个好价钱
2024,25,4068,八宝连环甲碎片,4,1=30 3=70,1=100,1=128 2=12800,27,27,27,0,这件铠甲上面依八卦之象嵌有宝玉，环环相扣，能极大的抵挡伤害
2025,25,4069,亮银狮子铠碎片,4,1=30 3=70,1=100,1=128 2=12800,27,27,27,0,由亮银甲升级而来，外层批有一件狮皮，显得极其威武雄壮
2026,25,4070,五龙盘珠铠碎片,4,1=30 3=70,1=100,1=128 2=12800,27,27,27,0,这件珠光宝气的战甲上面还坠饰有5条飞龙刺青，看上去更像是艺术品
2027,25,4071,双龙珍珠甲碎片,4,1=30 3=70,1=100,1=128 2=12800,27,27,27,0,左右各有一条飞龙，正中掩心甲处饰有一颗明珠，看上去熠熠生辉
2028,25,4072,北地苍狼甲碎片,4,1=30 3=70,1=100,1=128 2=12800,27,27,27,0,来自极寒的匈奴，取自上好的狼皮精制而成，御寒效果极佳
2029,25,4074,仁王盾碎片,4,1=30 3=70,1=100,1=128 2=12800,27,27,27,0,这件与其说是衣服，不如说是盾牌，轻盈却防护力十足
2030,25,4075,紫金百花袍碎片,4,1=30 3=70,1=100,1=128 2=12800,27,27,27,0,这件衣袍上面绣有名花百朵，周身镶有金边，奢华无比
2031,25,4110,束发紫金冠碎片,4,1=30 3=70,1=100,1=128 2=12800,27,27,27,0,能将头发束起，让整个人都的感觉都变得飞一样
2032,25,4111,狂战面甲碎片,4,1=30 3=70,1=100,1=128 2=12800,27,27,27,0,这是一个阴森可怖的面具，放佛多看两眼就会让人发狂
2033,25,4112,金龙云盔碎片,4,1=30 3=70,1=100,1=128 2=12800,27,27,27,0,这个头盔浑然天成，好似一个龙头一般，气势如虹
2034,25,4113,青龙碧玉冠碎片,4,1=30 3=70,1=100,1=128 2=12800,27,27,27,0,锡山宝玉制造而成，背面是一条冉冉巨龙，故得其名
2035,25,4114,裂天凤纹盔碎片,4,1=30 3=70,1=100,1=128 2=12800,27,27,27,0,此盔形状怪异，仿佛一条凤凰盘踞天灵盖，英姿飒爽
2036,25,4115,虚空纶巾碎片,4,1=30 3=70,1=100,1=128 2=12800,27,27,27,0,这件纶巾本不应该存在于世，据说是从时空的裂痕发掘的，神秘无比
2037,25,4116,无双鬼才冠碎片,4,1=30 3=70,1=100,1=128 2=12800,27,27,27,0,这件头盔质地坚硬，带上后却丝毫不影响灵活性，真称得上是无双
2038,25,4117,鎏金盔碎片,4,1=30 3=70,1=100,1=128 2=12800,27,27,27,0,这件头盔周身由黄金打造，收藏价值反而大于实用价值
2039,25,4160,灰烬战靴碎片,4,1=30 3=70,1=100,1=128 2=12800,27,27,27,0,一双散发着邪气的战靴，据说是从一次火灾现场的灰烬中发现的
2040,25,4161,蟒鳞长靴碎片,4,1=30 3=70,1=100,1=128 2=12800,27,27,27,0,用巨蟒的皮精制而成，刀枪不入，水火不侵
2041,25,4162,蛟龙战靴碎片,4,1=30 3=70,1=100,1=128 2=12800,27,27,27,0,传说中取自深海蛟龙的龙鳞加工而成，穿上后有一种腾云驾雾的感觉
2042,25,4163,怒涛法履碎片,4,1=30 3=70,1=100,1=128 2=12800,27,27,27,0,海浪也要为之避退的法袍，蕴藏着天地之灵气
2043,25,4164,流星斗靴碎片,4,1=30 3=70,1=100,1=128 2=12800,27,27,27,0,如流星般迅捷的靴子，穿上他，动如雷霆，势如脱兔，锐不可当
2044,25,4165,瓮金战靴碎片,4,1=30 3=70,1=100,1=128 2=12800,,,,0,这件战靴外边勾金，尽显华贵本色，非大富大贵之人不可驾驭
2045,25,4021,青釭剑碎片,4,1=30 3=70,1=100,1=128 2=12800,,,,0,当世两大名剑之一，倚天立威，青釭杀人，在长坂为赵云所得
2046,25,4027,养由基弓碎片,4,1=30 3=70,1=100,1=128 2=12800,,,,0,看起来其貌不扬，但是声势惊人，射出去的箭似能贯穿一切
2047,25,4029,百鸟朝凰枪碎片,4,1=30 3=70,1=100,1=128 2=12800,,,,0,此枪其上工刻铭有灵鸟百只，枪头精雕凤凰一尊，极其华丽
2048,25,4066,狂龙火胄碎片,4,1=30 3=70,1=100,1=128 2=12800,,,,0,这件甲胄据说是取自一头凶恶的火龙，外观看起来就充满戾气，杀气腾腾
2049,25,4073,鹤氅碎片,4,1=30 3=70,1=100,1=128 2=12800,,,,0,这件鹤氅外表看起来普普通通，内在却极其舒适合身
2050,14,6051,妙计战魂碎片,3,3=100,1=30 2=70,1=8 2=800,63,33,,0,稀有武将进化基础战魂碎片。
2051,14,6052,妙手战魂碎片,3,3=100,1=30 2=70,1=8 2=800,63,32,,0,稀有武将进化基础战魂碎片。
2052,14,6053,倾城战魂碎片,3,3=100,1=30 2=70,1=8 2=800,63,32,,0,稀有武将进化基础战魂碎片。
2053,14,6054,深谋战魂碎片,3,3=100,1=30 2=70,1=8 2=800,63,32,,0,稀有武将进化基础战魂碎片。
2054,14,6055,远射战魂碎片,3,3=100,1=30 2=70,1=8 2=800,63,32,,0,稀有武将进化基础战魂碎片。
2055,14,6056,道法战魂碎片,3,3=100,1=30 2=70,1=8 2=800,63,32,,0,稀有武将进化基础战魂碎片。
2056,14,6057,洞察战魂碎片,3,3=100,1=30 2=70,1=8 2=800,63,32,,0,稀有武将进化基础战魂碎片。
2057,14,6058,集结战魂碎片,3,3=100,1=30 2=70,1=8 2=800,63,32,,0,稀有武将进化基础战魂碎片。
2058,14,6059,妙计二阶卷轴碎片,3,3=100,1=30 2=70,1=8 2=800,63,32,,0,稀有武将进化基础卷轴碎片。
2059,14,6060,妙手二阶卷轴碎片,3,3=100,1=30 2=70,1=8 2=800,63,32,,0,稀有武将进化基础卷轴碎片。
2060,14,6061,倾城二阶卷轴碎片,3,3=100,1=30 2=70,1=8 2=800,63,32,,0,稀有武将进化基础卷轴碎片。
2061,14,6062,深谋二阶卷轴碎片,3,3=100,1=30 2=70,1=8 2=800,63,32,,0,稀有武将进化基础卷轴碎片。
2062,14,6063,远射二阶卷轴碎片,3,3=100,1=30 2=70,1=8 2=800,63,32,,0,稀有武将进化基础卷轴碎片。
2063,14,6064,道法二阶卷轴碎片,3,3=100,1=30 2=70,1=8 2=800,63,32,,0,稀有武将进化基础卷轴碎片。
2064,14,6065,洞察二阶卷轴碎片,3,3=100,1=30 2=70,1=8 2=800,63,32,,0,稀有武将进化基础卷轴碎片。
2065,14,6066,集结二阶卷轴碎片,3,3=100,1=30 2=70,1=8 2=800,63,32,,0,稀有武将进化基础卷轴碎片。
2066,14,6071,妙计战魂,3,1=100,1=30 2=70,1=40 2=4000,94,63,31,0,稀有武将进化基础战魂。
2067,14,6072,妙手战魂,3,1=100,1=30 2=70,1=40 2=4000,94,63,31,0,稀有武将进化基础战魂。
2068,14,6073,倾城战魂,3,1=100,1=30 2=70,1=40 2=4000,94,63,31,0,稀有武将进化基础战魂。
2069,14,6074,深谋战魂,3,1=100,1=30 2=70,1=40 2=4000,94,63,31,0,稀有武将进化基础战魂。
2070,14,6075,远射战魂,3,1=100,1=30 2=70,1=40 2=4000,94,63,31,0,稀有武将进化基础战魂。
2071,14,6076,道法战魂,3,1=100,1=30 2=70,1=40 2=4000,94,63,31,0,稀有武将进化基础战魂。
2072,14,6077,洞察战魂,3,1=100,1=30 2=70,1=40 2=4000,94,63,31,0,稀有武将进化基础战魂。
2073,14,6078,集结战魂,3,1=100,1=30 2=70,1=40 2=4000,94,63,31,0,稀有武将进化基础战魂。
2074,14,6079,妙计二阶卷轴,3,1=100,1=30 2=70,1=40 2=4000,94,63,31,0,稀有武将进化基础卷轴。
2075,14,6080,妙手二阶卷轴,3,1=100,1=30 2=70,1=40 2=4000,94,63,31,0,稀有武将进化基础卷轴。
2076,14,6081,倾城二阶卷轴,3,1=100,1=30 2=70,1=40 2=4000,94,63,31,0,稀有武将进化基础卷轴。
2077,14,6082,深谋二阶卷轴,3,1=100,1=30 2=70,1=40 2=4000,94,63,31,0,稀有武将进化基础卷轴。
2078,14,6083,远射二阶卷轴,3,1=100,1=30 2=70,1=40 2=4000,94,63,31,0,稀有武将进化基础卷轴。
2079,14,6084,道法二阶卷轴,3,1=100,1=30 2=70,1=40 2=4000,94,63,31,0,稀有武将进化基础卷轴。
2080,14,6085,洞察二阶卷轴,3,1=100,1=30 2=70,1=40 2=4000,94,63,31,0,稀有武将进化基础卷轴。
2081,14,6086,集结二阶卷轴,3,1=100,1=30 2=70,1=40 2=4000,94,63,31,0,稀有武将进化基础卷轴。
2082,14,6091,妙计战魂二阶,3,1=100,1=50 2=50,1=86 2=8600,187,125,100,0,稀有武将进化二阶战魂。
2083,14,6092,妙手战魂二阶,3,1=100,1=50 2=50,1=86 2=8600,187,125,100,0,稀有武将进化二阶战魂。
2084,14,6093,倾城战魂二阶,3,1=100,1=50 2=50,1=86 2=8600,187,125,100,0,稀有武将进化二阶战魂。
2085,14,6094,深谋战魂二阶,3,1=100,1=50 2=50,1=86 2=8600,187,125,100,0,稀有武将进化二阶战魂。
2086,14,6095,远射战魂二阶,3,1=100,1=50 2=50,1=86 2=8600,187,125,100,0,稀有武将进化二阶战魂。
2087,14,6096,道法战魂二阶,3,1=100,1=50 2=50,1=86 2=8600,187,125,100,0,稀有武将进化二阶战魂。
2088,14,6097,洞察战魂二阶,3,1=100,1=50 2=50,1=86 2=8600,187,125,100,0,稀有武将进化二阶战魂。
2089,14,6098,集结战魂二阶,3,1=100,1=50 2=50,1=86 2=8600,187,125,100,0,稀有武将进化二阶战魂。
2090,14,6101,兵心战魂碎片,4,3=100,1=75 2=25,1=11 2=1100,31,31,25,0,史诗武将进化基础战魂碎片。
2091,14,6102,护卫战魂碎片,4,3=100,1=75 2=25,1=11 2=1100,31,31,25,0,史诗武将进化基础战魂碎片。
2092,14,6103,强袭战魂碎片,4,3=100,1=75 2=25,1=11 2=1100,31,31,25,0,史诗武将进化基础战魂碎片。
2093,14,6104,铁壁战魂碎片,4,3=100,1=75 2=25,1=11 2=1100,31,31,25,0,史诗武将进化基础战魂碎片。
2094,14,6105,无懈战魂碎片,4,3=100,1=75 2=25,1=11 2=1100,31,31,25,0,史诗武将进化基础战魂碎片。
2095,14,6106,霸者战魂碎片,4,3=100,1=75 2=25,1=11 2=1100,31,31,25,0,史诗武将进化基础战魂碎片。
2096,14,6107,沉着战魂碎片,4,3=100,1=75 2=25,1=11 2=1100,31,31,25,0,史诗武将进化基础战魂碎片。
2097,14,6108,鬼谋战魂碎片,4,3=100,1=75 2=25,1=11 2=1100,31,31,25,0,史诗武将进化基础战魂碎片。
2098,14,6109,兵心二阶卷轴碎片,4,3=100,1=75 2=25,1=11 2=1100,31,31,25,0,史诗武将进化基础卷轴碎片。
2099,14,6110,护卫二阶卷轴碎片,4,3=100,1=75 2=25,1=11 2=1100,31,31,25,0,史诗武将进化基础卷轴碎片。
2100,14,6111,强袭二阶卷轴碎片,4,3=100,1=75 2=25,1=11 2=1100,31,31,25,0,史诗武将进化基础卷轴碎片。
2101,14,6112,铁壁二阶卷轴碎片,4,3=100,1=75 2=25,1=11 2=1100,31,31,25,0,史诗武将进化基础卷轴碎片。
2102,14,6113,无懈二阶卷轴碎片,4,3=100,1=75 2=25,1=11 2=1100,31,31,25,0,史诗武将进化基础卷轴碎片。
2103,14,6114,霸者二阶卷轴碎片,4,3=100,1=75 2=25,1=11 2=1100,31,31,25,0,史诗武将进化基础卷轴碎片。
2104,14,6115,沉着二阶卷轴碎片,4,3=100,1=75 2=25,1=11 2=1100,31,31,25,0,史诗武将进化基础卷轴碎片。
2105,14,6116,鬼谋二阶卷轴碎片,4,3=100,1=75 2=25,1=11 2=1100,31,31,25,0,史诗武将进化基础卷轴碎片。
2106,14,6151,遁走战魂碎片,4,3=100,1=75 2=25,1=15 2=1500,31,31,25,0,史诗武将进化基础战魂碎片。
2107,14,6152,豪杰战魂碎片,4,3=100,1=75 2=25,1=15 2=1500,31,31,25,0,史诗武将进化基础战魂碎片。
2108,14,6153,金刚战魂碎片,4,3=100,1=75 2=25,1=15 2=1500,31,31,25,0,史诗武将进化基础战魂碎片。
2109,14,6154,结义战魂碎片,4,3=100,1=75 2=25,1=15 2=1500,31,31,25,0,史诗武将进化基础战魂碎片。
2110,14,6155,复仇战魂碎片,4,3=100,1=75 2=25,1=15 2=1500,31,31,25,0,史诗武将进化基础战魂碎片。
2111,14,6156,诡计战魂碎片,4,3=100,1=75 2=25,1=15 2=1500,31,31,25,0,史诗武将进化基础战魂碎片。
2112,14,6157,离间战魂碎片,4,3=100,1=75 2=25,1=15 2=1500,31,31,25,0,史诗武将进化基础战魂碎片。
2113,14,6158,明镜战魂碎片,4,3=100,1=75 2=25,1=15 2=1500,31,31,25,0,史诗武将进化基础战魂碎片。
2114,14,6159,遁走二阶卷轴碎片,4,3=100,1=75 2=25,1=15 2=1500,31,31,25,0,史诗武将进化基础卷轴碎片。
2115,14,6160,豪杰二阶卷轴碎片,4,3=100,1=75 2=25,1=15 2=1500,31,31,25,0,史诗武将进化基础卷轴碎片。
2116,14,6161,金刚二阶卷轴碎片,4,3=100,1=75 2=25,1=15 2=1500,31,31,25,0,史诗武将进化基础卷轴碎片。
2117,14,6162,结义二阶卷轴碎片,4,3=100,1=75 2=25,1=15 2=1500,31,31,25,0,史诗武将进化基础卷轴碎片。
2118,14,6163,复仇二阶卷轴碎片,4,3=100,1=75 2=25,1=15 2=1500,31,31,25,0,史诗武将进化基础卷轴碎片。
2119,14,6164,诡计二阶卷轴碎片,4,3=100,1=75 2=25,1=15 2=1500,31,31,25,0,史诗武将进化基础卷轴碎片。
2120,14,6165,离间二阶卷轴碎片,4,3=100,1=75 2=25,1=15 2=1500,31,31,25,0,史诗武将进化基础卷轴碎片。
2121,14,6166,明镜二阶卷轴碎片,4,3=100,1=75 2=25,1=15 2=1500,31,31,25,0,史诗武将进化基础卷轴碎片。
2122,14,6121,兵心战魂,4,1=100,1=75 2=25,1=220 2=22000,31,47,37,0,史诗武将进化基础战魂。
2123,14,6122,护卫战魂,4,1=100,1=75 2=25,1=220 2=22000,31,47,37,0,史诗武将进化基础战魂。
2124,14,6123,强袭战魂,4,1=100,1=75 2=25,1=220 2=22000,31,47,37,0,史诗武将进化基础战魂。
2125,14,6124,铁壁战魂,4,1=100,1=75 2=25,1=220 2=22000,31,47,37,0,史诗武将进化基础战魂。
2126,14,6125,无懈战魂,4,1=100,1=75 2=25,1=220 2=22000,31,47,37,0,史诗武将进化基础战魂。
2127,14,6126,霸者战魂,4,1=100,1=75 2=25,1=220 2=22000,31,47,37,0,史诗武将进化基础战魂。
2128,14,6127,沉着战魂,4,1=100,1=75 2=25,1=220 2=22000,31,47,37,0,史诗武将进化基础战魂。
2129,14,6128,鬼谋战魂,4,1=100,1=75 2=25,1=220 2=22000,31,47,37,0,史诗武将进化基础战魂。
2130,14,6129,兵心二阶卷轴,4,1=100,1=75 2=25,1=220 2=22000,31,47,37,0,史诗武将进化基础卷轴。
2131,14,6130,护卫二阶卷轴,4,1=100,1=75 2=25,1=220 2=22000,31,47,37,0,史诗武将进化基础卷轴。
2132,14,6131,强袭二阶卷轴,4,1=100,1=75 2=25,1=220 2=22000,31,47,37,0,史诗武将进化基础卷轴。
2133,14,6132,铁壁二阶卷轴,4,1=100,1=75 2=25,1=220 2=22000,31,47,37,0,史诗武将进化基础卷轴。
2134,14,6133,无懈二阶卷轴,4,1=100,1=75 2=25,1=220 2=22000,31,47,37,0,史诗武将进化基础卷轴。
2135,14,6134,霸者二阶卷轴,4,1=100,1=75 2=25,1=220 2=22000,31,47,37,0,史诗武将进化基础卷轴。
2136,14,6135,沉着二阶卷轴,4,1=100,1=75 2=25,1=220 2=22000,31,47,37,0,史诗武将进化基础卷轴。
2137,14,6136,鬼谋二阶卷轴,4,1=100,1=75 2=25,1=220 2=22000,31,47,37,0,史诗武将进化基础卷轴。
2138,14,6171,遁走战魂,4,1=100,1=100,1=550 2=55000,31,47,37,0,史诗武将进化基础战魂。
2139,14,6172,豪杰战魂,4,1=100,1=100,1=550 2=55000,31,47,37,0,史诗武将进化基础战魂。
2140,14,6173,金刚战魂,4,1=100,1=100,1=550 2=55000,31,47,37,0,史诗武将进化基础战魂。
2141,14,6174,结义战魂,4,1=100,1=100,1=550 2=55000,31,47,37,0,史诗武将进化基础战魂。
2142,14,6175,复仇战魂,4,1=100,1=100,1=550 2=55000,31,47,37,0,史诗武将进化基础战魂。
2143,14,6176,诡计战魂,4,1=100,1=100,1=550 2=55000,31,47,37,0,史诗武将进化基础战魂。
2144,14,6177,离间战魂,4,1=100,1=100,1=550 2=55000,31,47,37,0,史诗武将进化基础战魂。
2145,14,6178,明镜战魂,4,1=100,1=100,1=550 2=55000,31,47,37,0,史诗武将进化基础战魂。
2146,14,6179,遁走二阶卷轴,4,1=100,1=100,1=550 2=55000,31,47,37,0,史诗武将进化基础卷轴。
2147,14,6180,豪杰二阶卷轴,4,1=100,1=100,1=550 2=55000,31,47,37,0,史诗武将进化基础卷轴。
2148,14,6181,金刚二阶卷轴,4,1=100,1=100,1=550 2=55000,31,47,37,0,史诗武将进化基础卷轴。
2149,14,6182,结义二阶卷轴,4,1=100,1=100,1=550 2=55000,31,47,37,0,史诗武将进化基础卷轴。
2150,14,6183,复仇二阶卷轴,4,1=100,1=100,1=550 2=55000,31,47,37,0,史诗武将进化基础卷轴。
2151,14,6184,诡计二阶卷轴,4,1=100,1=100,1=550 2=55000,31,47,37,0,史诗武将进化基础卷轴。
2152,14,6185,离间二阶卷轴,4,1=100,1=100,1=550 2=55000,31,47,37,0,史诗武将进化基础卷轴。
2153,14,6186,明镜二阶卷轴,4,1=100,1=100,1=550 2=55000,31,47,37,0,史诗武将进化基础卷轴。
2154,14,6141,兵心战魂二阶,4,1=100,1=100,1=526 ,,62,75,0,史诗武将进化二阶战魂。
2155,14,6142,护卫战魂二阶,4,1=100,1=100,1=526 ,,62,75,0,史诗武将进化二阶战魂。
2156,14,6143,强袭战魂二阶,4,1=100,1=100,1=526 ,,62,75,0,史诗武将进化二阶战魂。
2157,14,6144,铁壁战魂二阶,4,1=100,1=100,1=526 ,,62,75,0,史诗武将进化二阶战魂。
2158,14,6145,无懈战魂二阶,4,1=100,1=100,1=526 ,,62,75,0,史诗武将进化二阶战魂。
2159,14,6146,霸者战魂二阶,4,1=100,1=100,1=526 ,,62,75,0,史诗武将进化二阶战魂。
2160,14,6147,沉着战魂二阶,4,1=100,1=100,1=526 ,,62,75,0,史诗武将进化二阶战魂。
2161,14,6148,鬼谋战魂二阶,4,1=100,1=100,1=526 ,,62,75,0,史诗武将进化二阶战魂。
2162,14,6191,遁走战魂二阶,4,1=100,1=100,1=1586 ,,62,75,0,史诗武将进化二阶战魂。
2163,14,6192,豪杰战魂二阶,4,1=100,1=100,1=1586 ,,62,75,0,史诗武将进化二阶战魂。
2164,14,6193,金刚战魂二阶,4,1=100,1=100,1=1586 ,,62,75,0,史诗武将进化二阶战魂。
2165,14,6194,结义战魂二阶,4,1=100,1=100,1=1586 ,,62,75,0,史诗武将进化二阶战魂。
2166,14,6195,复仇战魂二阶,4,1=100,1=100,1=1586 ,,62,75,0,史诗武将进化二阶战魂。
2167,14,6196,诡计战魂二阶,4,1=100,1=100,1=1586 ,,62,75,0,史诗武将进化二阶战魂。
2168,14,6197,离间战魂二阶,4,1=100,1=100,1=1586 ,,62,75,0,史诗武将进化二阶战魂。
2169,14,6198,明镜战魂二阶,4,1=100,1=100,1=1586 ,,62,75,0,史诗武将进化二阶战魂。
2170,14,6201,临兵战魂碎片,5,3=100,1=100,1=24 ,,,125,0,传说武将进化基础战魂碎片。
2171,14,6202,斗圣战魂碎片,5,3=100,1=100,1=24 ,,,125,0,传说武将进化基础战魂碎片。
2172,14,6203,浴血战魂碎片,5,3=100,1=100,1=24 ,,,125,0,传说武将进化基础战魂碎片。
2173,14,6204,王霸战魂碎片,5,3=100,1=100,1=24 ,,,125,0,传说武将进化基础战魂碎片。
2174,14,6205,英武战魂碎片,5,3=100,1=100,1=24 ,,,125,0,传说武将进化基础战魂碎片。
2175,14,6206,枭雄战魂碎片,5,3=100,1=100,1=24 ,,,125,0,传说武将进化基础战魂碎片。
2176,14,6207,傲世战魂碎片,5,3=100,1=100,1=24 ,,,125,0,传说武将进化基础战魂碎片。
2177,14,6208,千军战魂碎片,5,3=100,1=100,1=24 ,,,125,0,传说武将进化基础战魂碎片。
2178,14,6211,临兵战魂,5,1=100,1=100,1=1440 ,,,125,0,传说武将进化基础战魂。
2179,14,6212,斗圣战魂,5,1=100,1=100,1=1440 ,,,62,0,传说武将进化基础战魂。
2180,14,6213,浴血战魂,5,1=100,1=100,1=1440 ,,,62,0,传说武将进化基础战魂。
2181,14,6214,王霸战魂,5,1=100,1=100,1=1440 ,,,62,0,传说武将进化基础战魂。
2182,14,6215,英武战魂,5,1=100,1=100,1=1440 ,,,62,0,传说武将进化基础战魂。
2183,14,6216,枭雄战魂,5,1=100,1=100,1=1440 ,,,62,0,传说武将进化基础战魂。
2184,14,6217,傲世战魂,5,1=100,1=100,1=1440 ,,,62,0,传说武将进化基础战魂。
2185,14,6218,千军战魂,5,1=100,1=100,1=1440 ,,,62,0,传说武将进化基础战魂。
2186,8,2001,张飞,1,3=100,1=70 2=30,1=40 2=8000,111,111,111,1,收集10个张飞碎片，可合成1星步兵武将张飞，且是其升星所需材料.
2187,8,2025,蔡文姬,1,3=100,1=70 2=30,1=40 2=8000,111,111,111,1,收集10个蔡文姬碎片，可合成1星军师武将蔡文姬，且是其升星所需材料.
2188,8,2151,张角,1,3=100,1=70 2=30,1=40 2=8000,111,111,111,1,收集10个张角碎片，可合成1星军师武将张角，且是其升星所需材料.
2189,8,2098,华雄,1,3=100,1=70 2=30,1=40 2=8000,111,111,111,1,收集10个华雄碎片，可合成1星骑兵武将华雄，且是其升星所需材料.
2190,8,2064,太史慈,1,3=100,1=70 2=30,1=40 2=8000,111,111,111,1,收集10个太史慈碎片，可合成1星弓兵武将太史慈，且是其升星所需材料.
2191,8,2066,于禁,1,3=100,1=70 2=30,1=40 2=8000,111,111,111,1,收集10个于禁碎片，可合成1星弓兵武将于禁，且是其升星所需材料.
2192,8,2044,程普,1,3=100,1=70 2=30,1=40 2=8000,111,111,111,1,收集10个程普碎片，可合成1星骑兵武将程普，且是其升星所需材料.
2193,8,2031,甘夫人,1,3=100,1=70 2=30,1=40 2=8000,111,111,111,1,收集10个甘夫人碎片，可合成1星军师武将甘夫人，且是其升星所需材料.
2194,8,2028,步练师,1,3=100,1=70 2=30,1=40 2=8000,111,111,111,1,收集10个步练师碎片，可合成1星骑兵武将步练师，且是其升星所需材料.
2195,8,2026,大乔,2,3=100,1=70 2=30,1=40 2=8000,125,125,125,3,收集30个大乔碎片，可合成2星军师武将大乔，且是其升星所需材料.
2196,8,2050,颜良,2,3=100,1=70 2=30,1=40 2=8000,125,125,125,3,收集30个颜良碎片，可合成2星骑兵武将颜良，且是其升星所需材料.
2197,8,2042,文丑,2,3=100,1=70 2=30,1=40 2=8000,125,125,125,3,收集30个文丑碎片，可合成2星骑兵武将文丑，且是其升星所需材料.
2198,8,2069,徐晃,2,3=100,1=70 2=30,1=40 2=8000,125,125,125,3,收集30个徐晃碎片，可合成2星骑兵武将徐晃，且是其升星所需材料.
2199,8,2259,董卓,2,3=100,1=70 2=30,1=40 2=8000,125,125,125,3,收集30个董卓碎片，可合成2星步兵武将董卓，且是其升星所需材料.
2200,8,2070,魏延,2,3=100,1=70 2=30,1=40 2=8000,125,125,125,3,收集30个魏延碎片，可合成2星步兵武将魏延，且是其升星所需材料.
2201,8,2023,小乔,2,3=100,1=70 2=30,1=40 2=8000,125,125,125,3,收集30个小乔碎片，可合成2星弓兵武将小乔，且是其升星所需材料.
2202,8,2175,陈宫,2,3=100,1=70 2=30,1=40 2=8000,125,125,125,3,收集30个陈宫碎片，可合成2星军师武将陈宫，且是其升星所需材料.
2203,8,2111,公孙瓒,2,3=100,1=70 2=30,1=40 2=8000,125,125,125,5,收集30个公孙瓒碎片，可合成2星骑兵武将公孙瓒，且是其升星所需材料.
2204,8,2018,张辽,3,3=100,1=70 2=30,1=40 2=8000,125,125,125,5,收集80个张辽碎片，可合成3星骑兵武将张辽，且是其升星所需材料.
2205,8,2007,郭嘉,3,3=100,1=70 2=30,1=40 2=8000,125,125,125,5,收集80个郭嘉碎片，可合成3星军师武将郭嘉，且是其升星所需材料.
2206,8,2051,吕蒙,3,3=100,1=70 2=30,1=40 2=8000,125,125,125,5,收集80个吕蒙碎片，可合成3星骑兵武将吕蒙，且是其升星所需材料.
2207,8,2006,甘宁,3,3=100,1=70 2=30,1=40 2=8000,125,125,125,5,收集80个甘宁碎片，可合成3星步兵武将甘宁，且是其升星所需材料.
2208,8,2004,夏侯惇,3,3=100,1=70 2=30,1=40 2=8000,125,125,125,5,收集80个夏侯惇碎片，可合成3星步兵武将夏侯惇，且是其升星所需材料.
2209,8,2060,庞统,3,3=100,1=70 2=30,1=40 2=8000,125,125,125,5,收集80个庞统碎片，可合成3星军师武将庞统，且是其升星所需材料.
2210,8,2058,贾诩,3,3=100,1=70 2=30,1=40 2=8000,125,125,125,5,收集80个贾诩碎片，可合成3星军师武将贾诩，且是其升星所需材料.
,,,,,,,,,,,,
,将魂商店 货币4=将魂,,,,,,,,,,,
3001,8,2001,张飞,1,1=100,4=100,4=800,500,500,500,1,收集10个张飞碎片，可合成1星步兵武将张飞，且是其升星所需材料.
3002,8,2044,程普,1,1=100,4=100,4=800,166,166,166,1,收集10个程普碎片，可合成1星骑兵武将程普，且是其升星所需材料.
3003,8,2031,甘夫人,1,1=100,4=100,4=800,166,166,166,1,收集10个甘夫人碎片，可合成1星军师武将甘夫人，且是其升星所需材料.
3004,8,2028,步练师,1,1=100,4=100,4=800,166,166,166,1,收集10个步练师碎片，可合成1星骑兵武将步练师，且是其升星所需材料.
3005,8,2025,蔡文姬,1,1=100,4=100,4=800,500,500,500,2,收集10个蔡文姬碎片，可合成1星军师武将蔡文姬，且是其升星所需材料.
3006,8,2066,于禁,1,1=100,4=100,4=800,166,166,166,2,收集10个于禁碎片，可合成1星弓兵武将于禁，且是其升星所需材料.
3007,8,2026,大乔,2,1=100,4=100,4=800,166,166,166,2,收集30个大乔碎片，可合成2星军师武将大乔，且是其升星所需材料.
3008,8,2050,颜良,2,1=100,4=100,4=800,166,166,166,2,收集30个颜良碎片，可合成2星骑兵武将颜良，且是其升星所需材料.
3009,8,2151,张角,1,1=100,4=100,4=800,500,500,500,3,收集10个张角碎片，可合成1星军师武将张角，且是其升星所需材料.
3010,8,2042,文丑,2,1=100,4=100,4=800,166,166,166,3,收集30个文丑碎片，可合成2星骑兵武将文丑，且是其升星所需材料.
3011,8,2069,徐晃,2,1=100,4=100,4=800,166,166,166,3,收集30个徐晃碎片，可合成2星骑兵武将徐晃，且是其升星所需材料.
3012,8,2259,董卓,2,1=100,4=100,4=800,166,166,166,3,收集30个董卓碎片，可合成2星步兵武将董卓，且是其升星所需材料.
3013,8,2098,华雄,1,1=100,4=100,4=800,500,500,500,4,收集10个华雄碎片，可合成1星骑兵武将华雄，且是其升星所需材料.
3014,8,2070,魏延,2,1=100,4=100,4=800,166,166,166,4,收集30个魏延碎片，可合成2星步兵武将魏延，且是其升星所需材料.
3015,8,2023,小乔,2,1=100,4=100,4=800,166,166,166,4,收集30个小乔碎片，可合成2星弓兵武将小乔，且是其升星所需材料.
3016,8,2175,陈宫,2,1=100,4=100,4=800,166,166,166,4,收集30个陈宫碎片，可合成2星军师武将陈宫，且是其升星所需材料.
3017,8,2064,太史慈,1,1=100,4=100,4=800,500,500,500,5,收集10个太史慈碎片，可合成1星弓兵武将太史慈，且是其升星所需材料.
3018,8,2111,公孙瓒,2,1=100,4=100,4=800,166,166,166,5,收集30个公孙瓒碎片，可合成2星骑兵武将公孙瓒，且是其升星所需材料.
3019,8,2018,张辽,3,1=100,4=100,4=800,166,166,166,5,收集80个张辽碎片，可合成3星骑兵武将张辽，且是其升星所需材料.
3020,8,2007,郭嘉,3,1=100,4=100,4=800,166,166,166,5,收集80个郭嘉碎片，可合成3星军师武将郭嘉，且是其升星所需材料.
3021,8,2051,吕蒙,3,1=100,4=100,4=800,200,200,200,6,收集80个吕蒙碎片，可合成3星骑兵武将吕蒙，且是其升星所需材料.
3022,8,2006,甘宁,3,1=100,4=100,4=800,200,200,200,6,收集80个甘宁碎片，可合成3星步兵武将甘宁，且是其升星所需材料.
3023,8,2004,夏侯惇,3,1=100,4=100,4=800,200,200,200,6,收集80个夏侯惇碎片，可合成3星步兵武将夏侯惇，且是其升星所需材料.
3024,8,2060,庞统,3,1=100,4=100,4=800,200,200,200,6,收集80个庞统碎片，可合成3星军师武将庞统，且是其升星所需材料.
3025,8,2058,贾诩,3,1=100,4=100,4=800,200,200,200,6,收集80个贾诩碎片，可合成3星军师武将贾诩，且是其升星所需材料.
,,,,,,,,,,,,
,,,,,,,,,,,,
,战功商店 货币3=战功,,,,,,,,,,,
4001,15,17,碧纹琥珀,4,3=100,3=100,3=800,100,100,100,0,美人宠幸道具，使用后增加美人80点好感度。
4002,15,18,月明珠,5,1=50 3=50,3=100,3=1000,100,100,100,0,美人宠幸道具，使用后增加美人100点好感度。
4003,18,19,和氏璧,5,1=60 3=40,3=100,3=2400,300,300,300,0,美人突破所需唯一材料。
4004,23,33,高级技能书,4,5=100,3=100,3=80,300,300,300,0,技能升级所需道具，普通副本11-15章较低概率掉落。
4005,23,34,超级技能书,5,5=100,3=100,3=100,200,200,200,0,技能升级所需道具，普通副本16-20章较低概率掉落。
4006,27,3,高级经验药,3,5=100,3=100,3=200,600,600,600,0,使用后提升指定武将1000点经验。
4007,27,4,特级经验药,4,1=60 3=40,3=100,3=1000,400,400,400,0,使用后提升指定武将5000点经验。
4008,14,6071,妙计战魂,3,1=100,3=100,3=800,281,187,125,0,稀有武将进化基础战魂。
4009,14,6072,妙手战魂,3,1=100,3=100,3=800,281,187,125,0,稀有武将进化基础战魂。
4010,14,6073,倾城战魂,3,1=100,3=100,3=800,281,187,125,0,稀有武将进化基础战魂。
4011,14,6074,深谋战魂,3,1=100,3=100,3=800,281,187,125,0,稀有武将进化基础战魂。
4012,14,6075,远射战魂,3,1=100,3=100,3=800,281,187,125,0,稀有武将进化基础战魂。
4013,14,6076,道法战魂,3,1=100,3=100,3=800,281,187,125,0,稀有武将进化基础战魂。
4014,14,6077,洞察战魂,3,1=100,3=100,3=800,281,187,125,0,稀有武将进化基础战魂。
4015,14,6078,集结战魂,3,1=100,3=100,3=800,281,187,125,0,稀有武将进化基础战魂。
4016,14,6079,妙计二阶卷轴,3,1=100,3=100,3=800,281,187,125,0,稀有武将进化基础卷轴。
4017,14,6080,妙手二阶卷轴,3,1=100,3=100,3=800,281,187,125,0,稀有武将进化基础卷轴。
4018,14,6081,倾城二阶卷轴,3,1=100,3=100,3=800,281,187,125,0,稀有武将进化基础卷轴。
4019,14,6082,深谋二阶卷轴,3,1=100,3=100,3=800,281,187,125,0,稀有武将进化基础卷轴。
4020,14,6083,远射二阶卷轴,3,1=100,3=100,3=800,281,187,125,0,稀有武将进化基础卷轴。
4021,14,6084,道法二阶卷轴,3,1=100,3=100,3=800,281,187,125,0,稀有武将进化基础卷轴。
4022,14,6085,洞察二阶卷轴,3,1=100,3=100,3=800,281,187,125,0,稀有武将进化基础卷轴。
4023,14,6086,集结二阶卷轴,3,1=100,3=100,3=800,281,187,125,0,稀有武将进化基础卷轴。
4024,14,6091,妙计战魂二阶,3,1=100,3=100,3=1720,312,187,125,0,稀有武将进化二阶战魂。
4025,14,6092,妙手战魂二阶,3,1=100,3=100,3=1720,312,187,125,0,稀有武将进化二阶战魂。
4026,14,6093,倾城战魂二阶,3,1=100,3=100,3=1720,312,187,125,0,稀有武将进化二阶战魂。
4027,14,6094,深谋战魂二阶,3,1=100,3=100,3=1720,312,187,125,0,稀有武将进化二阶战魂。
4028,14,6095,远射战魂二阶,3,1=100,3=100,3=1720,312,187,125,0,稀有武将进化二阶战魂。
4029,14,6096,道法战魂二阶,3,1=100,3=100,3=1720,312,187,125,0,稀有武将进化二阶战魂。
4030,14,6097,洞察战魂二阶,3,1=100,3=100,3=1720,312,187,125,0,稀有武将进化二阶战魂。
4031,14,6098,集结战魂二阶,3,1=100,3=100,3=1720,312,187,125,0,稀有武将进化二阶战魂。
4032,14,6121,兵心战魂,4,1=100,3=100,3=4400,31,78,94,0,史诗武将进化基础战魂。
4033,14,6122,护卫战魂,4,1=100,3=100,3=4400,31,78,94,0,史诗武将进化基础战魂。
4034,14,6123,强袭战魂,4,1=100,3=100,3=4400,31,78,94,0,史诗武将进化基础战魂。
4035,14,6124,铁壁战魂,4,1=100,3=100,3=4400,31,78,94,0,史诗武将进化基础战魂。
4036,14,6125,无懈战魂,4,1=100,3=100,3=4400,31,78,94,0,史诗武将进化基础战魂。
4037,14,6126,霸者战魂,4,1=100,3=100,3=4400,31,78,94,0,史诗武将进化基础战魂。
4038,14,6127,沉着战魂,4,1=100,3=100,3=4400,31,78,94,0,史诗武将进化基础战魂。
4039,14,6128,鬼谋战魂,4,1=100,3=100,3=4400,31,78,94,0,史诗武将进化基础战魂。
4040,14,6129,兵心二阶卷轴,4,1=100,3=100,3=4400,31,78,94,0,史诗武将进化基础卷轴。
4041,14,6130,护卫二阶卷轴,4,1=100,3=100,3=4400,31,78,94,0,史诗武将进化基础卷轴。
4042,14,6131,强袭二阶卷轴,4,1=100,3=100,3=4400,31,78,94,0,史诗武将进化基础卷轴。
4043,14,6132,铁壁二阶卷轴,4,1=100,3=100,3=4400,31,78,94,0,史诗武将进化基础卷轴。
4044,14,6133,无懈二阶卷轴,4,1=100,3=100,3=4400,31,78,94,0,史诗武将进化基础卷轴。
4045,14,6134,霸者二阶卷轴,4,1=100,3=100,3=4400,31,78,94,0,史诗武将进化基础卷轴。
4046,14,6135,沉着二阶卷轴,4,1=100,3=100,3=4400,31,78,94,0,史诗武将进化基础卷轴。
4047,14,6136,鬼谋二阶卷轴,4,1=100,3=100,3=4400,31,78,94,0,史诗武将进化基础卷轴。
4048,14,6171,遁走战魂,4,1=100,3=100,3=11000,31,78,94,0,史诗武将进化基础战魂。
4049,14,6172,豪杰战魂,4,1=100,3=100,3=11000,31,78,94,0,史诗武将进化基础战魂。
4050,14,6173,金刚战魂,4,1=100,3=100,3=11000,31,78,94,0,史诗武将进化基础战魂。
4051,14,6174,结义战魂,4,1=100,3=100,3=11000,31,78,94,0,史诗武将进化基础战魂。
4052,14,6175,复仇战魂,4,1=100,3=100,3=11000,31,78,94,0,史诗武将进化基础战魂。
4053,14,6176,诡计战魂,4,1=100,3=100,3=11000,31,78,94,0,史诗武将进化基础战魂。
4054,14,6177,离间战魂,4,1=100,3=100,3=11000,31,78,94,0,史诗武将进化基础战魂。
4055,14,6178,明镜战魂,4,1=100,3=100,3=11000,31,78,94,0,史诗武将进化基础战魂。
4056,14,6179,遁走二阶卷轴,4,1=100,3=100,3=11000,31,78,94,0,史诗武将进化基础卷轴。
4057,14,6180,豪杰二阶卷轴,4,1=100,3=100,3=11000,31,78,94,0,史诗武将进化基础卷轴。
4058,14,6181,金刚二阶卷轴,4,1=100,3=100,3=11000,31,78,94,0,史诗武将进化基础卷轴。
4059,14,6182,结义二阶卷轴,4,1=100,3=100,3=11000,31,78,94,0,史诗武将进化基础卷轴。
4060,14,6183,复仇二阶卷轴,4,1=100,3=100,3=11000,31,78,94,0,史诗武将进化基础卷轴。
4061,14,6184,诡计二阶卷轴,4,1=100,3=100,3=11000,31,78,94,0,史诗武将进化基础卷轴。
4062,14,6185,离间二阶卷轴,4,1=100,3=100,3=11000,31,78,94,0,史诗武将进化基础卷轴。
4063,14,6186,明镜二阶卷轴,4,1=100,3=100,3=11000,31,78,94,0,史诗武将进化基础卷轴。
4064,14,6141,兵心战魂二阶,4,1=100,3=100,3=10520,,62,94,0,史诗武将进化二阶战魂。
4065,14,6142,护卫战魂二阶,4,1=100,3=100,3=10520,,62,94,0,史诗武将进化二阶战魂。
4066,14,6143,强袭战魂二阶,4,1=100,3=100,3=10520,,62,94,0,史诗武将进化二阶战魂。
4067,14,6144,铁壁战魂二阶,4,1=100,3=100,3=10520,,62,94,0,史诗武将进化二阶战魂。
4068,14,6145,无懈战魂二阶,4,1=100,3=100,3=10520,,62,94,0,史诗武将进化二阶战魂。
4069,14,6146,霸者战魂二阶,4,1=100,3=100,3=10520,,62,94,0,史诗武将进化二阶战魂。
4070,14,6147,沉着战魂二阶,4,1=100,3=100,3=10520,,62,94,0,史诗武将进化二阶战魂。
4071,14,6148,鬼谋战魂二阶,4,1=100,3=100,3=10520,,62,94,0,史诗武将进化二阶战魂。
4072,14,6191,遁走战魂二阶,4,1=100,3=100,3=31720,,62,94,0,史诗武将进化二阶战魂。
4073,14,6192,豪杰战魂二阶,4,1=100,3=100,3=31720,,62,94,0,史诗武将进化二阶战魂。
4074,14,6193,金刚战魂二阶,4,1=100,3=100,3=31720,,62,94,0,史诗武将进化二阶战魂。
4075,14,6194,结义战魂二阶,4,1=100,3=100,3=31720,,62,94,0,史诗武将进化二阶战魂。
4076,14,6195,复仇战魂二阶,4,1=100,3=100,3=31720,,62,94,0,史诗武将进化二阶战魂。
4077,14,6196,诡计战魂二阶,4,1=100,3=100,3=31720,,62,94,0,史诗武将进化二阶战魂。
4078,14,6197,离间战魂二阶,4,1=100,3=100,3=31720,,62,94,0,史诗武将进化二阶战魂。
4079,14,6198,明镜战魂二阶,4,1=100,3=100,3=31720,,62,94,0,史诗武将进化二阶战魂。
4080,14,6211,临兵战魂,5,1=100,3=100,3=28800,,,62,0,传说武将进化基础战魂。
4081,14,6212,斗圣战魂,5,1=100,3=100,3=28800,,,62,0,传说武将进化基础战魂。
4082,14,6213,浴血战魂,5,1=100,3=100,3=28800,,,62,0,传说武将进化基础战魂。
4083,14,6214,王霸战魂,5,1=100,3=100,3=28800,,,62,0,传说武将进化基础战魂。
4084,14,6215,英武战魂,5,1=100,3=100,3=28800,,,62,0,传说武将进化基础战魂。
4085,14,6216,枭雄战魂,5,1=100,3=100,3=28800,,,62,0,传说武将进化基础战魂。
4086,14,6217,傲世战魂,5,1=100,3=100,3=28800,,,62,0,传说武将进化基础战魂。
4087,14,6218,千军战魂,5,1=100,3=100,3=28800,,,62,0,传说武将进化基础战魂。
4088,8,2065,黄忠,2,5=100,3=100,3=1200,1000,1000,1000,1,收集30个黄忠碎片，可合成2星弓兵武将黄忠，且是其升星所需材料.
4089,8,2071,周泰,1,5=100,3=100,3=1200,1000,1000,1000,3,收集10个周泰碎片，可合成1星步兵武将周泰，且是其升星所需材料.
,,,,,,,,,,,,
,,,,,,,,,,,,
,,,,,,,,,,,,
,声望商店 货币5=声望,,,,,,,,,,,
5001,15,17,碧纹琥珀,4,3=100,5=100,5=80,100,100,100,0,美人宠幸道具，使用后增加美人80点好感度。
5002,15,18,月明珠,5,1=50 3=50,5=100,5=100,100,100,100,0,美人宠幸道具，使用后增加美人100点好感度。
5003,18,19,和氏璧,5,1=60 3=40,5=100,5=240,300,300,300,0,美人突破所需唯一材料。
5004,23,33,高级技能书,4,5=100,5=100,5=8,300,300,300,0,技能升级所需道具，普通副本11-15章较低概率掉落。
5005,23,34,超级技能书,5,5=100,5=100,5=10,200,200,200,0,技能升级所需道具，普通副本16-20章较低概率掉落。
5006,27,3,高级经验药,3,5=100,5=100,5=20,600,600,600,0,使用后提升指定武将1000点经验。
5007,27,4,特级经验药,4,1=60 3=40,5=100,5=100,400,400,400,0,使用后提升指定武将5000点经验。
5008,14,6071,妙计战魂,3,1=100,5=100,5=80,281,187,125,0,稀有武将进化基础战魂。
5009,14,6072,妙手战魂,3,1=100,5=100,5=80,281,187,125,0,稀有武将进化基础战魂。
5010,14,6073,倾城战魂,3,1=100,5=100,5=80,281,187,125,0,稀有武将进化基础战魂。
5011,14,6074,深谋战魂,3,1=100,5=100,5=80,281,187,125,0,稀有武将进化基础战魂。
5012,14,6075,远射战魂,3,1=100,5=100,5=80,281,187,125,0,稀有武将进化基础战魂。
5013,14,6076,道法战魂,3,1=100,5=100,5=80,281,187,125,0,稀有武将进化基础战魂。
5014,14,6077,洞察战魂,3,1=100,5=100,5=80,281,187,125,0,稀有武将进化基础战魂。
5015,14,6078,集结战魂,3,1=100,5=100,5=80,281,187,125,0,稀有武将进化基础战魂。
5016,14,6079,妙计二阶卷轴,3,1=100,5=100,5=80,281,187,125,0,稀有武将进化基础卷轴。
5017,14,6080,妙手二阶卷轴,3,1=100,5=100,5=80,281,187,125,0,稀有武将进化基础卷轴。
5018,14,6081,倾城二阶卷轴,3,1=100,5=100,5=80,281,187,125,0,稀有武将进化基础卷轴。
5019,14,6082,深谋二阶卷轴,3,1=100,5=100,5=80,281,187,125,0,稀有武将进化基础卷轴。
5020,14,6083,远射二阶卷轴,3,1=100,5=100,5=80,281,187,125,0,稀有武将进化基础卷轴。
5021,14,6084,道法二阶卷轴,3,1=100,5=100,5=80,281,187,125,0,稀有武将进化基础卷轴。
5022,14,6085,洞察二阶卷轴,3,1=100,5=100,5=80,281,187,125,0,稀有武将进化基础卷轴。
5023,14,6086,集结二阶卷轴,3,1=100,5=100,5=80,281,187,125,0,稀有武将进化基础卷轴。
5024,14,6091,妙计战魂二阶,3,1=100,5=100,5=172,312,187,125,0,稀有武将进化二阶战魂。
5025,14,6092,妙手战魂二阶,3,1=100,5=100,5=172,312,187,125,0,稀有武将进化二阶战魂。
5026,14,6093,倾城战魂二阶,3,1=100,5=100,5=172,312,187,125,0,稀有武将进化二阶战魂。
5027,14,6094,深谋战魂二阶,3,1=100,5=100,5=172,312,187,125,0,稀有武将进化二阶战魂。
5028,14,6095,远射战魂二阶,3,1=100,5=100,5=172,312,187,125,0,稀有武将进化二阶战魂。
5029,14,6096,道法战魂二阶,3,1=100,5=100,5=172,312,187,125,0,稀有武将进化二阶战魂。
5030,14,6097,洞察战魂二阶,3,1=100,5=100,5=172,312,187,125,0,稀有武将进化二阶战魂。
5031,14,6098,集结战魂二阶,3,1=100,5=100,5=172,312,187,125,0,稀有武将进化二阶战魂。
5032,14,6121,兵心战魂,4,1=100,5=100,5=440,31,78,94,0,史诗武将进化基础战魂。
5033,14,6122,护卫战魂,4,1=100,5=100,5=440,31,78,94,0,史诗武将进化基础战魂。
5034,14,6123,强袭战魂,4,1=100,5=100,5=440,31,78,94,0,史诗武将进化基础战魂。
5035,14,6124,铁壁战魂,4,1=100,5=100,5=440,31,78,94,0,史诗武将进化基础战魂。
5036,14,6125,无懈战魂,4,1=100,5=100,5=440,31,78,94,0,史诗武将进化基础战魂。
5037,14,6126,霸者战魂,4,1=100,5=100,5=440,31,78,94,0,史诗武将进化基础战魂。
5038,14,6127,沉着战魂,4,1=100,5=100,5=440,31,78,94,0,史诗武将进化基础战魂。
5039,14,6128,鬼谋战魂,4,1=100,5=100,5=440,31,78,94,0,史诗武将进化基础战魂。
5040,14,6129,兵心二阶卷轴,4,1=100,5=100,5=440,31,78,94,0,史诗武将进化基础卷轴。
5041,14,6130,护卫二阶卷轴,4,1=100,5=100,5=440,31,78,94,0,史诗武将进化基础卷轴。
5042,14,6131,强袭二阶卷轴,4,1=100,5=100,5=440,31,78,94,0,史诗武将进化基础卷轴。
5043,14,6132,铁壁二阶卷轴,4,1=100,5=100,5=440,31,78,94,0,史诗武将进化基础卷轴。
5044,14,6133,无懈二阶卷轴,4,1=100,5=100,5=440,31,78,94,0,史诗武将进化基础卷轴。
5045,14,6134,霸者二阶卷轴,4,1=100,5=100,5=440,31,78,94,0,史诗武将进化基础卷轴。
5046,14,6135,沉着二阶卷轴,4,1=100,5=100,5=440,31,78,94,0,史诗武将进化基础卷轴。
5047,14,6136,鬼谋二阶卷轴,4,1=100,5=100,5=440,31,78,94,0,史诗武将进化基础卷轴。
5048,14,6171,遁走战魂,4,1=100,5=100,5=1100,31,78,94,0,史诗武将进化基础战魂。
5049,14,6172,豪杰战魂,4,1=100,5=100,5=1100,31,78,94,0,史诗武将进化基础战魂。
5050,14,6173,金刚战魂,4,1=100,5=100,5=1100,31,78,94,0,史诗武将进化基础战魂。
5051,14,6174,结义战魂,4,1=100,5=100,5=1100,31,78,94,0,史诗武将进化基础战魂。
5052,14,6175,复仇战魂,4,1=100,5=100,5=1100,31,78,94,0,史诗武将进化基础战魂。
5053,14,6176,诡计战魂,4,1=100,5=100,5=1100,31,78,94,0,史诗武将进化基础战魂。
5054,14,6177,离间战魂,4,1=100,5=100,5=1100,31,78,94,0,史诗武将进化基础战魂。
5055,14,6178,明镜战魂,4,1=100,5=100,5=1100,31,78,94,0,史诗武将进化基础战魂。
5056,14,6179,遁走二阶卷轴,4,1=100,5=100,5=1100,31,78,94,0,史诗武将进化基础卷轴。
5057,14,6180,豪杰二阶卷轴,4,1=100,5=100,5=1100,31,78,94,0,史诗武将进化基础卷轴。
5058,14,6181,金刚二阶卷轴,4,1=100,5=100,5=1100,31,78,94,0,史诗武将进化基础卷轴。
5059,14,6182,结义二阶卷轴,4,1=100,5=100,5=1100,31,78,94,0,史诗武将进化基础卷轴。
5060,14,6183,复仇二阶卷轴,4,1=100,5=100,5=1100,31,78,94,0,史诗武将进化基础卷轴。
5061,14,6184,诡计二阶卷轴,4,1=100,5=100,5=1100,31,78,94,0,史诗武将进化基础卷轴。
5062,14,6185,离间二阶卷轴,4,1=100,5=100,5=1100,31,78,94,0,史诗武将进化基础卷轴。
5063,14,6186,明镜二阶卷轴,4,1=100,5=100,5=1100,31,78,94,0,史诗武将进化基础卷轴。
5064,14,6141,兵心战魂二阶,4,1=100,5=100,5=1052,,62,94,0,史诗武将进化二阶战魂。
5065,14,6142,护卫战魂二阶,4,1=100,5=100,5=1052,,62,94,0,史诗武将进化二阶战魂。
5066,14,6143,强袭战魂二阶,4,1=100,5=100,5=1052,,62,94,0,史诗武将进化二阶战魂。
5067,14,6144,铁壁战魂二阶,4,1=100,5=100,5=1052,,62,94,0,史诗武将进化二阶战魂。
5068,14,6145,无懈战魂二阶,4,1=100,5=100,5=1052,,62,94,0,史诗武将进化二阶战魂。
5069,14,6146,霸者战魂二阶,4,1=100,5=100,5=1052,,62,94,0,史诗武将进化二阶战魂。
5070,14,6147,沉着战魂二阶,4,1=100,5=100,5=1052,,62,94,0,史诗武将进化二阶战魂。
5071,14,6148,鬼谋战魂二阶,4,1=100,5=100,5=1052,,62,94,0,史诗武将进化二阶战魂。
5072,14,6191,遁走战魂二阶,4,1=100,5=100,5=3172,,62,94,0,史诗武将进化二阶战魂。
5073,14,6192,豪杰战魂二阶,4,1=100,5=100,5=3172,,62,94,0,史诗武将进化二阶战魂。
5074,14,6193,金刚战魂二阶,4,1=100,5=100,5=3172,,62,94,0,史诗武将进化二阶战魂。
5075,14,6194,结义战魂二阶,4,1=100,5=100,5=3172,,62,94,0,史诗武将进化二阶战魂。
5076,14,6195,复仇战魂二阶,4,1=100,5=100,5=3172,,62,94,0,史诗武将进化二阶战魂。
5077,14,6196,诡计战魂二阶,4,1=100,5=100,5=3172,,62,94,0,史诗武将进化二阶战魂。
5078,14,6197,离间战魂二阶,4,1=100,5=100,5=3172,,62,94,0,史诗武将进化二阶战魂。
5079,14,6198,明镜战魂二阶,4,1=100,5=100,5=3172,,62,94,0,史诗武将进化二阶战魂。
5080,14,6211,临兵战魂,5,1=100,5=100,5=2880,,,62,0,传说武将进化基础战魂。
5081,14,6212,斗圣战魂,5,1=100,5=100,5=2880,,,62,0,传说武将进化基础战魂。
5082,14,6213,浴血战魂,5,1=100,5=100,5=2880,,,62,0,传说武将进化基础战魂。
5083,14,6214,王霸战魂,5,1=100,5=100,5=2880,,,62,0,传说武将进化基础战魂。
5084,14,6215,英武战魂,5,1=100,5=100,5=2880,,,62,0,传说武将进化基础战魂。
5085,14,6216,枭雄战魂,5,1=100,5=100,5=2880,,,62,0,传说武将进化基础战魂。
5086,14,6217,傲世战魂,5,1=100,5=100,5=2880,,,62,0,传说武将进化基础战魂。
5087,14,6218,千军战魂,5,1=100,5=100,5=2880,,,62,0,传说武将进化基础战魂。
5088,8,2012,黄月英,2,5=100,5=100,5=120,1000,1000,1000,1,收集30个黄月英碎片，可合成2星军师武将黄月英，且是其升星所需材料.
5089,8,2041,夏侯渊,1,5=100,5=100,5=120,1000,1000,1000,3,收集10个夏侯渊碎片，可合成1星弓兵武将夏侯渊，且是其升星所需材料.
5090,8,2045,曹仁,1,5=100,5=100,5=120,1000,1000,1000,5,收集10个曹仁碎片，可合成1星步兵武将曹仁，且是其升星所需材料.
,,,,,,,,,,,,
,,,,,,,,,,,,
,星魂商店 货币6=星魂,,,,,,,,,,,
,,,,,,,,,,,,
6001,25,4007,七星宝刀碎片,3,1=50 2=50,6=100,6=1000,333,333,333,0,七颗珠宝依北斗七星状镶嵌在刀把上，甚是华丽
6002,25,4008,双铁戟碎片,3,1=50 2=50,6=100,6=1000,333,333,333,0,挥动起来呼呼作响，一看就很厉害的样子
6003,25,4010,古锭刀碎片,3,1=50 2=50,6=100,6=1000,333,333,333,0,这把刀拿着它就能感到刀把上的杀气
6004,25,4011,固陵刀碎片,3,1=50 2=50,6=100,6=1000,333,333,333,0,江南巧匠制造的宝刀，其貌不扬，但是威力强大
6005,25,4014,八卦剑碎片,3,1=50 2=50,6=100,6=1000,333,333,333,0,这口宝剑铸造时倚八卦而生两仪，深合循环无端之理
6006,25,4015,豪风蓝凤杖碎片,3,1=50 2=50,6=100,6=1000,333,333,333,0,据说是取自灵兽凤凰羽毛而制，拿在手里都感觉摄人心魂
6007,25,4016,牡丹玉琵琶碎片,3,1=50 2=50,6=100,6=1000,333,333,333,0,上好木制琵琶，边角饰以牡丹图案和美玉，雍容华贵
6008,25,4017,贯石斧碎片,3,1=50 2=50,6=100,6=1000,333,333,333,0,这把斧头形状巨大，力能破石，故得其名
6009,25,4018,宝雕弓碎片,3,1=50 2=50,6=100,6=1000,333,333,333,0,这把长弓周边精雕细琢，却又不影响手感，甚是难得
6010,25,4054,百兽甲碎片,3,1=50 2=50,6=100,6=1000,333,333,333,0,取百兽皮甲做成的衣服，能很好的保护身体
6011,25,4055,雁翎甲碎片,3,1=50 2=50,6=100,6=1000,333,333,333,0,大雁翎毛做成的铠甲，柔软舒服，却又能很好的保护周身
6012,25,4056,亮银铠碎片,3,1=50 2=50,6=100,6=1000,333,333,333,0,一件银光闪闪的铁甲，能有效的闪瞎敌人的眼睛
6013,25,4057,磐石铠碎片,3,1=50 2=50,6=100,6=1000,333,333,333,0,一件厚重的铠甲，穿起来都需要足够的力量
6014,25,4060,太平道袍碎片,3,1=50 2=50,6=100,6=1000,333,333,333,0,太平道祖师留下的法袍，据说蕴含有强大的灵气
6015,25,4061,连环甲碎片,3,1=50 2=50,6=100,6=1000,333,333,333,0,这件铠甲一环套一环，牢不可破，故名连环甲，
6016,25,4105,雁回金盔碎片,3,1=50 2=50,6=100,6=1000,333,333,333,0,取自大雁回转，盔顶弯曲，十分取巧
6017,25,4106,飞骑翔盔碎片,3,1=50 2=50,6=100,6=1000,333,333,333,0,骑兵常用的帽子，符合人体工学设计
6018,25,4107,琉璃紫冠碎片,3,1=50 2=50,6=100,6=1000,333,333,333,0,这件盔甲出自江南大家手中，自带有一股威严的名门正气
6019,25,4109,宝马灵盔碎片,3,1=50 2=50,6=100,6=1000,333,333,333,0,这件轻盈的头盔造型华美，佩戴起来有如无物，乃不可多得的宝物
6020,25,4154,疾风靴碎片,3,1=50 2=50,6=100,6=1000,333,333,333,0,走起路来轻飘飘的的，仿佛断绝了人世间的尘缘一样
6021,25,4158,碎影轻靴碎片,3,1=50 2=50,6=100,6=1000,333,333,333,0,这双靴子掷地有声，像是能踏碎万物一般，气场极大
6022,25,4159,炼血战靴碎片,3,1=50 2=50,6=100,6=1000,,,,0,一双暗红色的战靴，上面的渍渍献血显得阴森森的
6023,25,4006,诸葛连弩碎片,3,1=50 2=50,6=100,6=1000,,,,0,武侯发明的连弩，一次可以射出多支弓箭
6024,25,4009,火云刀碎片,3,1=50 2=50,6=100,6=1000,,,,0,一把失传多年的宝刀，但是依然削铁如泥
6025,25,4012,三尖两刃刀碎片,3,1=50 2=50,6=100,6=1000,,,,0,前端有三叉刀形，刀身两面有刃，即可当刀，亦可当铲
6026,25,4013,七星剑碎片,3,1=50 2=50,6=100,6=1000,,,,0,此剑乃上古神兵，依星辰之理而铸，隐现杀气
6027,25,4058,霓虹羽衣碎片,3,1=50 2=50,6=100,6=1000,,,,0,闪耀着奇异光芒的羽衣，华美不可方物，乃不可多得的宝物
6028,25,4104,牛魔面甲碎片,3,1=50 2=50,6=100,6=1000,,,,0,面容好似魔神面孔一般，戴上以后却十分合适
6029,25,4156,游龙靴碎片,3,1=50 2=50,6=100,6=1000,,,,0,靴边绣有一条游龙，故得其名
6030,25,4157,逐光轻靴碎片,3,1=50 2=50,6=100,6=1000,,,,0,这件靴子质地很轻，但是便于奔跑，故曰：逐光
6031,25,4019,青龙偃月刀碎片,4,1=100,6=100,6=2560,83,83,83,0,刀长八尺，重八十二斤，刀身宛如一条出水青龙直冲云霄
6032,25,4020,丈八蛇矛碎片,4,1=100,6=100,6=2560,83,83,83,0,这把长矛入一条蟒蛇一般，形状怪异，甚是难防
6033,25,4022,方天画戟碎片,4,1=100,6=100,6=2560,83,83,83,0,这把画戟寒光闪闪，杀气腾腾，非一般常人所能驾驭
6034,25,4023,龙胆亮银枪碎片,4,1=100,6=100,6=2560,83,83,83,0,枪头刻有龙头，周身点点银光，舞动起来轻盈顺手
6035,25,4024,虎头湛金枪碎片,4,1=100,6=100,6=2560,83,83,83,0,这杆枪镶金带银，枪头则坠饰有一个狰狞虎头，非寻常物
6036,25,4025,龙凤双股剑碎片,4,1=100,6=100,6=2560,83,83,83,0,这把双剑左剑为龙，右剑为凤，碰撞之声可裂天地
6037,25,4026,朱雀羽扇碎片,4,1=100,6=100,6=2560,83,83,83,0,这把华贵的扇子是由朱雀羽毛制作而成，挥舞起来似乎能冒出火花
6038,25,4028,倚天剑碎片,4,1=100,6=100,6=2560,83,83,83,0,天下第一名剑，气场极强，剑刃吹毛可断，胆小者见之即败
6039,25,4030,天师符碎片,4,1=100,6=100,6=2560,83,83,83,0,蕴含着上古灵力的强大符咒，意志薄弱者拿在手里都会浑身颤抖
6040,25,4031,麒麟弓碎片,4,1=100,6=100,6=2560,83,83,83,0,用圣兽麒麟角制作的长弓，拉动起来仿佛有异兽怒吼一般
6041,25,4032,亢龙锏碎片,4,1=100,6=100,6=2560,83,83,83,0,此锏又称丧命锏，挥动起来犹如狂龙飞天，一旦出手必有血光之灾
6042,25,4062,红龙鳞甲碎片,4,1=100,6=100,6=2560,83,83,83,0,这件铠甲周身冒着赤红，乃是取的远古红龙鳞甲而作，刀枪不入，极其珍贵
6043,25,4063,浑天宝甲碎片,4,1=100,6=100,6=2560,83,83,83,0,这件宝衣经过七七四十九天熔炼而成，浑然一体，毫无破绽
6044,25,4064,烈火金尘碎片,4,1=100,6=100,6=2560,83,83,83,0,俗话说，真金不怕火炼，这件衣服的存在就印证了这一点
6045,25,4065,镏金五彩衣碎片,4,1=100,6=100,6=2560,83,83,83,0,这件铁甲外端饰有镀金，铠甲上又画有五彩花纹，高大上即视感
6046,25,4067,黄金锁子甲碎片,4,1=100,6=100,6=2560,83,83,83,0,这件锁甲全部用质地纯正的真金打造，就算将来和平了，也一定可以卖个好价钱
6047,25,4068,八宝连环甲碎片,4,1=100,6=100,6=2560,83,83,83,0,这件铠甲上面依八卦之象嵌有宝玉，环环相扣，能极大的抵挡伤害
6048,25,4069,亮银狮子铠碎片,4,1=100,6=100,6=2560,83,83,83,0,由亮银甲升级而来，外层批有一件狮皮，显得极其威武雄壮
6049,25,4070,五龙盘珠铠碎片,4,1=100,6=100,6=2560,83,83,83,0,这件珠光宝气的战甲上面还坠饰有5条飞龙刺青，看上去更像是艺术品
6050,25,4071,双龙珍珠甲碎片,4,1=100,6=100,6=2560,83,83,83,0,左右各有一条飞龙，正中掩心甲处饰有一颗明珠，看上去熠熠生辉
6051,25,4072,北地苍狼甲碎片,4,1=100,6=100,6=2560,83,83,83,0,来自极寒的匈奴，取自上好的狼皮精制而成，御寒效果极佳
6052,25,4074,仁王盾碎片,4,1=100,6=100,6=2560,83,83,83,0,这件与其说是衣服，不如说是盾牌，轻盈却防护力十足
6053,25,4075,紫金百花袍碎片,4,1=100,6=100,6=2560,83,83,83,0,这件衣袍上面绣有名花百朵，周身镶有金边，奢华无比
6054,25,4110,束发紫金冠碎片,4,1=100,6=100,6=2560,83,83,83,0,能将头发束起，让整个人都的感觉都变得飞一样
6055,25,4111,狂战面甲碎片,4,1=100,6=100,6=2560,83,83,83,0,这是一个阴森可怖的面具，放佛多看两眼就会让人发狂
6056,25,4112,金龙云盔碎片,4,1=100,6=100,6=2560,83,83,83,0,这个头盔浑然天成，好似一个龙头一般，气势如虹
6057,25,4113,青龙碧玉冠碎片,4,1=100,6=100,6=2560,83,83,83,0,锡山宝玉制造而成，背面是一条冉冉巨龙，故得其名
6058,25,4114,裂天凤纹盔碎片,4,1=100,6=100,6=2560,83,83,83,0,此盔形状怪异，仿佛一条凤凰盘踞天灵盖，英姿飒爽
6059,25,4115,虚空纶巾碎片,4,1=100,6=100,6=2560,83,83,83,0,这件纶巾本不应该存在于世，据说是从时空的裂痕发掘的，神秘无比
6060,25,4116,无双鬼才冠碎片,4,1=100,6=100,6=2560,83,83,83,0,这件头盔质地坚硬，带上后却丝毫不影响灵活性，真称得上是无双
6061,25,4117,鎏金盔碎片,4,1=100,6=100,6=2560,83,83,83,0,这件头盔周身由黄金打造，收藏价值反而大于实用价值
6062,25,4160,灰烬战靴碎片,4,1=100,6=100,6=2560,83,83,83,0,一双散发着邪气的战靴，据说是从一次火灾现场的灰烬中发现的
6063,25,4161,蟒鳞长靴碎片,4,1=100,6=100,6=2560,83,83,83,0,用巨蟒的皮精制而成，刀枪不入，水火不侵
6064,25,4162,蛟龙战靴碎片,4,1=100,6=100,6=2560,83,83,83,0,传说中取自深海蛟龙的龙鳞加工而成，穿上后有一种腾云驾雾的感觉
6065,25,4163,怒涛法履碎片,4,1=100,6=100,6=2560,83,83,83,0,海浪也要为之避退的法袍，蕴藏着天地之灵气
6066,25,4164,流星斗靴碎片,4,1=100,6=100,6=2560,83,83,83,0,如流星般迅捷的靴子，穿上他，动如雷霆，势如脱兔，锐不可当
6067,25,4165,瓮金战靴碎片,4,1=100,6=100,6=2560,,,,0,这件战靴外边勾金，尽显华贵本色，非大富大贵之人不可驾驭
6068,25,4021,青釭剑碎片,4,1=100,6=100,6=2560,,,,0,当世两大名剑之一，倚天立威，青釭杀人，在长坂为赵云所得
6069,25,4027,养由基弓碎片,4,1=100,6=100,6=2560,,,,0,看起来其貌不扬，但是声势惊人，射出去的箭似能贯穿一切
6070,25,4029,百鸟朝凰枪碎片,4,1=100,6=100,6=2560,,,,0,此枪其上工刻铭有灵鸟百只，枪头精雕凤凰一尊，极其华丽
6071,25,4066,狂龙火胄碎片,4,1=100,6=100,6=2560,,,,0,这件甲胄据说是取自一头凶恶的火龙，外观看起来就充满戾气，杀气腾腾
6072,25,4073,鹤氅碎片,4,1=100,6=100,6=2560,,,,0,这件鹤氅外表看起来普普通通，内在却极其舒适合身
6073,24,3007,七星宝刀,3,1=100,6=100,6=4960,91,91,91,1,七颗珠宝依北斗七星状镶嵌在刀把上，甚是华丽
6074,24,3008,双铁戟,3,1=100,6=100,6=4960,91,91,91,1,挥动起来呼呼作响，一看就很厉害的样子
6075,24,3010,古锭刀,3,1=100,6=100,6=4960,91,91,91,1,这把刀拿着它就能感到刀把上的杀气
6076,24,3011,固陵刀,3,1=100,6=100,6=4960,91,91,91,1,江南巧匠制造的宝刀，其貌不扬，但是威力强大
6077,24,3014,八卦剑,3,1=100,6=100,6=4960,91,91,91,1,这口宝剑铸造时倚八卦而生两仪，深合循环无端之理
6078,24,3015,豪风蓝凤杖,3,1=100,6=100,6=4960,91,91,91,1,据说是取自灵兽凤凰羽毛而制，拿在手里都感觉摄人心魂
6079,24,3016,牡丹玉琵琶,3,1=100,6=100,6=4960,91,91,91,1,上好木制琵琶，边角饰以牡丹图案和美玉，雍容华贵
6080,24,3017,贯石斧,3,1=100,6=100,6=4960,91,91,91,1,这把斧头形状巨大，力能破石，故得其名
6081,24,3018,宝雕弓,3,1=100,6=100,6=4960,91,91,91,1,这把长弓周边精雕细琢，却又不影响手感，甚是难得
6082,24,3054,百兽甲,3,1=100,6=100,6=4960,91,91,91,1,取百兽皮甲做成的衣服，能很好的保护身体
6083,24,3055,雁翎甲,3,1=100,6=100,6=4960,91,91,91,1,大雁翎毛做成的铠甲，柔软舒服，却又能很好的保护周身
6084,24,3056,亮银铠,3,1=100,6=100,6=4960,100,100,100,3,一件银光闪闪的铁甲，能有效的闪瞎敌人的眼睛
6085,24,3057,磐石铠,3,1=100,6=100,6=4960,100,100,100,3,一件厚重的铠甲，穿起来都需要足够的力量
6086,24,3060,太平道袍,3,1=100,6=100,6=4960,100,100,100,3,太平道祖师留下的法袍，据说蕴含有强大的灵气
6087,24,3061,连环甲,3,1=100,6=100,6=4960,100,100,100,3,这件铠甲一环套一环，牢不可破，故名连环甲，
6088,24,3105,雁回金盔,3,1=100,6=100,6=4960,100,100,100,3,取自大雁回转，盔顶弯曲，十分取巧
6089,24,3106,飞骑翔盔,3,1=100,6=100,6=4960,100,100,100,3,骑兵常用的帽子，符合人体工学设计
6090,24,3107,琉璃紫冠,3,1=100,6=100,6=4960,100,100,100,3,这件盔甲出自江南大家手中，自带有一股威严的名门正气
6091,24,3109,宝马灵盔,3,1=100,6=100,6=4960,100,100,100,3,这件轻盈的头盔造型华美，佩戴起来有如无物，乃不可多得的宝物
6092,24,3154,疾风靴,3,1=100,6=100,6=4960,100,100,100,3,这件靴子伸展性极强，靴底设计巧妙，走起路来脚下生风
6093,24,3158,碎影轻靴,3,1=100,6=100,6=4960,100,100,100,3,这双靴子掷地有声，像是能踏碎万物一般，气场极大
6094,24,3159,炼血战靴,3,1=100,6=100,6=4960,,,,0,一双暗红色的战靴，上面的渍渍献血显得阴森森的
6095,24,3009,火云刀,3,1=100,6=100,6=4960,,,,0,一把失传多年的宝刀，但是依然削铁如泥
6096,24,3012,三尖两刃刀,3,1=100,6=100,6=4960,,,,0,前端有三叉刀形，刀身两面有刃，即可当刀，亦可当铲
6097,24,3013,七星剑,3,1=100,6=100,6=4960,,,,0,此剑乃上古神兵，依星辰之理而铸，隐现杀气
6098,24,3058,霓虹羽衣,3,1=100,6=100,6=4960,,,,0,闪耀着奇异光芒的羽衣，华美不可方物，乃不可多得的宝物
6099,24,3104,牛魔面甲,3,1=100,6=100,6=4960,,,,0,面容好似魔神面孔一般，戴上以后却十分合适
6100,24,3156,游龙靴,3,1=100,6=100,6=4960,,,,0,靴边绣有一条游龙，故得其名
6101,24,3157,逐光轻靴,3,1=100,6=100,6=4960,,,,0,这件靴子质地很轻，但是便于奔跑，故曰：逐光
6102,24,3006,诸葛连弩,3,1=100,6=100,6=4960,,,,0,武侯发明的连弩，一次可以射出多支弓箭
