被动技能ID,被动技能名称,被动技能描述,辅助描述,可升等级,触发条件,技能效果,效果成长,是否叠加,子弹,技能icon,技能名显示,音效id,是否取消脚底光圈
,,,,,形式：条件类型ID=数值,形式：效果类型ID=数值,,1表示效果会叠加，空或者0表示不会叠加,,,,,0=默认=有光圈 1=取消光圈
,,,,,,,,,,,,,
1,猛攻,自身攻击提升提升%.1f%%。,1=5=0.25,20,1=1,1=5,1=0.25,,,resource/icon/skill/MengGong.png,,,
2,铁壁,自身防御提升%.1f%%。,1=8=0.4,20,1=1,2=8,2=0.4,,,resource/icon/skill/TieBi.png,,,
3,恩泽,自身生命总量提升%.1f%%,1=6=0.3,20,1=1,3=6,3=0.3,,,resource/icon/skill/EnZe.png,,,
4,免疫,免疫所有虚弱状态（攻击削弱，防御削弱）。,,1,10=1,13=1,,,,resource/icon/skill/MianYi.png,,,
5,反骑,攻击方为骑兵时，减免%.1f%%的普通伤害。,1=15=0.75,20,2=3,12=15,12=0.75,,,resource/icon/skill/KeQi.png,,,
6,反弓,攻击方为弓兵时，减免%.1f%%的普通伤害。,1=15=0.75,20,2=4,12=15,12=0.75,,,resource/icon/skill/KeGong.png,,,
7,反军,攻击方为军师时，减免%.1f%%的普通伤害。,1=15=0.75,20,2=5,12=15,12=0.75,,,resource/icon/skill/KeJun.png,,,
8,反步,攻击方为步兵时，减免%.1f%%的普通伤害。,1=15=0.75,20,2=1,12=15,12=0.75,,,resource/icon/skill/KeBu.png,,,
9,反蜀,攻击方为蜀国阵营时，减免%.1f%%的普通伤害。,1=15=0.75,20,3=3,12=15,12=0.75,,,resource/icon/skill/KeShu.png,,,
10,反魏,攻击方为魏国阵营时，减免%.1f%%的普通伤害。,1=15=0.75,20,3=2,12=15,12=0.75,,,resource/icon/skill/KeWei.png,,,
11,反吴,攻击方为吴国阵营时，减免%.1f%%的普通伤害。,1=15=0.75,20,3=4,12=15,12=0.75,,,resource/icon/skill/KeWu.png,,,
12,反群,攻击方为群雄阵营时，减免%.1f%%的普通伤害。,1=15=0.75,20,3=1,12=15,12=0.75,,,resource/icon/skill/KeQun.png,,,
13,灭骑,攻击对象为骑兵时，普通攻击提升%.1f%%。,1=15=0.75,20,4=3,1=15,1=0.75,,,resource/icon/skill/MieQi.png,,,
14,灭弓,攻击对象为弓兵时，普通攻击提升%.1f%%。,1=15=0.75,20,4=4,1=15,1=0.75,,,resource/icon/skill/MieGong.png,,,
15,灭军,攻击对象为军师时，普通攻击提升%.1f%%,1=15=0.75,20,4=5,1=15,1=0.75,,,resource/icon/skill/MieJun.png,,,
16,灭步,攻击对象为步兵时，普通攻击提升%.1f%%。,1=15=0.75,20,4=1,1=15,1=0.75,,,resource/icon/skill/MieBu.png,,,
17,灭蜀,攻击对象为蜀国阵营时，普通攻击提升%.1f%%。,1=15=0.75,20,5=3,1=15,1=0.75,,,resource/icon/skill/MieShu.png,,,
18,灭魏,攻击对象为魏国阵营时，普通攻击提升%.1f%%。,1=15=0.75,20,5=2,1=15,1=0.75,,,resource/icon/skill/MieWei.png,,,
19,灭吴,攻击对象为吴国阵营时，普通攻击提升%.1f%%。,1=15=0.75,20,5=4,1=15,1=0.75,,,resource/icon/skill/MieWu.png,,,
20,灭群,攻击对象为群雄阵营时，普通攻击提升%.1f%%。,1=15=0.75,20,5=1,1=15,1=0.75,,,resource/icon/skill/MieQun.png,,,
21,强攻,发动伤害类技能时，自身攻击力提升%.1f%%。,1=10=0.5,20,7=1,1=10,1=0.5,,,resource/icon/skill/QiangGong.png,,,
22,坚守,受到伤害类技能攻击时，自身防御力提升%.1f%%。,1=15=0.75,20,8=1,2=15,2=0.75,,,resource/icon/skill/JianShou.png,,,
23,暴击,提高暴击%d。,1=100=5,20,1=1,4=100,4=5,,,resource/icon/skill/BaoJi.png,,,
24,韧性,提高韧性（抗暴击能力%d。,1=120=6,20,1=1,5=120,5=6,,,resource/icon/skill/RenXing.png,,,
25,暴伤,提高暴击伤害%.1f%%。,1=18=0.9,20,1=1,6=18,6=0.9,,,resource/icon/skill/BaoShang.png,,,
26,闪避,提高闪避%d。,1=60=3,20,1=1,7=60,7=3,,,resource/icon/skill/ShanBi.png,,,
27,命中,提高命中%d。,1=80=4,20,1=1,8=80,8=4,,,resource/icon/skill/MingZhong.png,,,
28,格挡,提高格挡%d。,1=80=4,20,1=1,9=60,9=3,,,resource/icon/skill/GeDang.png,,,
29,破击,提高破击（破格挡能力）%d。,1=80=4,20,1=1,10=80,10=4,,,resource/icon/skill/PoJi.png,,,
30,抵抗,提高抵抗%d，抵抗越高，抵抗晕眩，冰冻，缓速的能力越强。,1=120=6,20,1=1,11=120,11=6,,,resource/icon/skill/DiKang.png,,,
31,凝神,释放必杀技时，该武将所需士气减少1。,,1,6=1,14=1,,,,resource/icon/skill/NingShen.png,,,
32,倾国,攻击对象为男性时，普通攻击提升%.1f%%。,1=12=0.6,20,11=0,1=12,1=0.6,,,resource/icon/skill/QingGuo.png,,,
33,不屈,HP低于50%%时，闪避提升%d。,1=100=5,20,12=50,7=10,7=5,,,resource/icon/skill/BuQu.png,,,
34,甘露,受到回复技能时，回复效果提升%.1f%%。,1=20=1,20,9=1,15=20,15=1,,,resource/icon/skill/GanLu.png,,,
,,,,,,,,,,,,,
,,,,,,,,,,,,,
,,,,,,,,,,,,,
,,,,,,,,,,,,,
101,攻击·1,己方全体武将攻击提升2%。,,1,1=1,1=2,,,,resource/icon/skill/MengGong.png,,,
102,防御·1,己方全体武将防御提升3%。,,1,1=1,2=3,,,,resource/icon/skill/TieBi.png,,,
103,生命·1,己方全体武将生命提升2%。,,1,1=1,3=2,,,,resource/icon/skill/EnZe.png,,,
104,闪避·1,己方全体武将闪避提升50。,,1,1=1,7=50,,,,resource/icon/skill/ShanBi.png,,,
105,命中·1,己方全体武将命中提升60。,,1,1=1,8=60,,,,resource/icon/skill/MingZhong.png,,,
106,格挡·1,己方全体武将格挡提升50。,,1,1=1,9=50,,,,resource/icon/skill/GeDang.png,,,
107,破击·1,己方全体武将破击提升60。,,1,1=1,10=60,,,,resource/icon/skill/PoJi.png,,,
108,暴击·1,己方全体武将暴击提升80。,,1,1=1,4=80,,,,resource/icon/skill/BaoJi.png,,,
109,韧性·1,己方全体武将韧性提升100。,,1,1=1,5=100,,,,resource/icon/skill/RenXing.png,,,
110,爆伤·1,己方全体武将爆伤提升15%。,,1,1=1,6=15,,,,resource/icon/skill/BaoShang.png,,,
111,抵抗·1,己方全体武将抵抗提升40。,,1,1=1,11=40,,,,resource/icon/skill/DiKang.png,,,
112,克魏·1,攻击方为魏国时，减免8%的普通伤害。,,1,3=2,12=8,,,,resource/icon/skill/KeWei.png,,,
113,克蜀·1,攻击方为蜀国时，减免8%的普通伤害。,,1,3=3,12=8,,,,resource/icon/skill/KeShu.png,,,
114,克吴·1,攻击方为吴国时，减免8%的普通伤害。,,1,3=4,12=8,,,,resource/icon/skill/KeWu.png,,,
115,克群·1,攻击方为群雄时，减免8%的普通伤害。,,1,3=1,12=8,,,,resource/icon/skill/KeQun.png,,,
116,克步·1,攻击方为步兵时，减免8%的普通伤害。,,1,2=1,12=8,,,,resource/icon/skill/KeBu.png,,,
117,克骑·1,攻击方为骑兵时，减免8%的普通伤害。,,1,2=3,12=8,,,,resource/icon/skill/KeQi.png,,,
118,克弓·1,攻击方为弓兵时，减免8%的普通伤害。,,1,2=4,12=8,,,,resource/icon/skill/KeGong.png,,,
119,克军·1,攻击方为军师时，减免8%的普通伤害。,,1,2=5,12=8,,,,resource/icon/skill/KeJun.png,,,
120,甘露·1,己方全体武将受到治疗时，增加5%的治疗效果。,,1,9=1,15=5,,,,resource/icon/skill/GanLu.png,,,
,,,,,,,,,,,,,
,,,,,,,,,,,,,
,,,,,,,,,,,,,
151,攻击·2,己方全体武将攻击提升5%。,,1,1=1,1=5,,,,resource/icon/skill/MengGong.png,,,
152,防御·2,己方全体武将防御提升8%。,,1,1=1,2=8,,,,resource/icon/skill/TieBi.png,,,
153,生命·2,己方全体武将生命提升6%。,,1,1=1,3=6,,,,resource/icon/skill/EnZe.png,,,
154,闪避·2,己方全体武将闪避提升80。,,1,1=1,7=80,,,,resource/icon/skill/ShanBi.png,,,
155,命中·2,己方全体武将命中提升100。,,1,1=1,8=100,,,,resource/icon/skill/MingZhong.png,,,
156,格挡·2,己方全体武将格挡提升80。,,1,1=1,9=80,,,,resource/icon/skill/GeDang.png,,,
157,破击·2,己方全体武将破击提升100。,,1,1=1,10=100,,,,resource/icon/skill/PoJi.png,,,
158,暴击·2,己方全体武将暴击提升120。,,1,1=1,4=120,,,,resource/icon/skill/BaoJi.png,,,
159,韧性·2,己方全体武将韧性提升150。,,1,1=1,5=150,,,,resource/icon/skill/RenXing.png,,,
160,爆伤·2,己方全体武将爆伤提升25%。,,1,1=1,6=25,,,,resource/icon/skill/BaoShang.png,,,
161,抵抗·2,己方全体武将抵抗提升80。,,1,1=1,11=80,,,,resource/icon/skill/DiKang.png,,,
162,克魏·2,攻击方为魏国时，减免14%的普通伤害。,,1,3=2,12=14,,,,resource/icon/skill/KeWei.png,,,
163,克蜀·2,攻击方为蜀国时，减免14%的普通伤害。,,1,3=3,12=14,,,,resource/icon/skill/KeShu.png,,,
164,克吴·2,攻击方为吴国时，减免14%的普通伤害。,,1,3=4,12=14,,,,resource/icon/skill/KeWu.png,,,
165,克群·2,攻击方为群雄时，减免14%的普通伤害。,,1,3=1,12=14,,,,resource/icon/skill/KeQun.png,,,
166,克步·2,攻击方为步兵时，减免14%的普通伤害。,,1,2=1,12=14,,,,resource/icon/skill/KeBu.png,,,
167,克骑·2,攻击方为骑兵时，减免14%的普通伤害。,,1,2=3,12=14,,,,resource/icon/skill/KeQi.png,,,
168,克弓·2,攻击方为弓兵时，减免14%的普通伤害。,,1,2=4,12=14,,,,resource/icon/skill/KeGong.png,,,
169,克军·2,攻击方为军师时，减免14%的普通伤害。,,1,2=5,12=14,,,,resource/icon/skill/KeJun.png,,,
170,甘露·2,己方全体武将受到治疗时，增加10%的治疗效果。,,1,9=1,15=10,,,,resource/icon/skill/GanLu.png,,,
,,,,,,,,,,,,,
,,,,,,,,,,,,,
,,,,,,,,,,,,,
201,攻击·3,己方全体武将攻击提升8%。,,1,1=1,1=8,,,,resource/icon/skill/MengGong.png,,,
202,防御·3,己方全体武将防御提升12%。,,1,1=1,2=12,,,,resource/icon/skill/TieBi.png,,,
203,生命·3,己方全体武将生命提升10%。,,1,1=1,3=10,,,,resource/icon/skill/EnZe.png,,,
204,闪避·3,己方全体武将闪避提升120。,,1,1=1,7=120,,,,resource/icon/skill/ShanBi.png,,,
205,命中·3,己方全体武将命中提升150。,,1,1=1,8=150,,,,resource/icon/skill/MingZhong.png,,,
206,格挡·3,己方全体武将格挡提升120。,,1,1=1,9=120,,,,resource/icon/skill/GeDang.png,,,
207,破击·3,己方全体武将破击提升150。,,1,1=1,10=150,,,,resource/icon/skill/PoJi.png,,,
208,暴击·3,己方全体武将暴击提升180。,,1,1=1,4=180,,,,resource/icon/skill/BaoJi.png,,,
209,韧性·3,己方全体武将韧性提升220。,,1,1=1,5=220,,,,resource/icon/skill/RenXing.png,,,
210,爆伤·3,己方全体武将爆伤提升40%。,,1,1=1,6=40,,,,resource/icon/skill/BaoShang.png,,,
211,抵抗·3,己方全体武将抵抗提升120。,,1,1=1,11=120,,,,resource/icon/skill/DiKang.png,,,
212,克魏·3,攻击方为魏国时，减免20%的普通伤害。,,1,3=2,12=20,,,,resource/icon/skill/KeWei.png,,,
213,克蜀·3,攻击方为蜀国时，减免20%的普通伤害。,,1,3=3,12=20,,,,resource/icon/skill/KeShu.png,,,
214,克吴·3,攻击方为吴国时，减免20%的普通伤害。,,1,3=4,12=20,,,,resource/icon/skill/KeWu.png,,,
215,克群·3,攻击方为群雄时，减免20%的普通伤害。,,1,3=1,12=20,,,,resource/icon/skill/KeQun.png,,,
216,克步·3,攻击方为步兵时，减免20%的普通伤害。,,1,2=1,12=20,,,,resource/icon/skill/KeBu.png,,,
217,克骑·3,攻击方为骑兵时，减免20%的普通伤害。,,1,2=3,12=20,,,,resource/icon/skill/KeQi.png,,,
218,克弓·3,攻击方为弓兵时，减免20%的普通伤害。,,1,2=4,12=20,,,,resource/icon/skill/KeGong.png,,,
219,克军·3,攻击方为军师时，减免20%的普通伤害。,,1,2=5,12=20,,,,resource/icon/skill/KeJun.png,,,
220,甘露·3,己方全体武将受到治疗时，增加15%的治疗效果。,,1,9=1,15=15,,,,resource/icon/skill/GanLu.png,,,
,,,,,,,,,,,,,
,,,,,,,,,,,,,
,,,,,,,,,,,,,
,,,,,,,,,,,,,
,,,,,,,,,,,,,
301,伤·全,对全体敌方将领造成%.1f%%基本攻击，附加%d伤害。,1=36=0.2 2=5=5,20,50=1,16=301,,,,resource/icon/skill/ShangAll.png,,,
302,伤·排,对前排敌方将领造成%.1f%%基本攻击，附加%d伤害。,1=65=0.5 2=8=8,20,50=1,16=302,,,,resource/icon/skill/ShangShu.png,,,
303,伤·列,对前列敌方将领造成%.1f%%基本攻击，附加%d伤害。,1=60=0.5 2=8=8,20,50=1,16=303,,,,resource/icon/skill/ShangHeng.png,,,
304,伤·末,对最后方敌方将领造成%.1f%%基本攻击，附加%d伤害。,1=120=1 2=12=12,20,50=1,16=304,,,,resource/icon/skill/ShangMo.png,,,
305,伤·攻,对攻击最高的敌方将领造成%.1f%%基本攻击，附加%d伤害。,1=120=1 2=12=12,20,50=1,16=305,,,,resource/icon/skill/ShangGong.png,,,
306,回复·全,对全体己方将领回复%.1f%%基本攻击，附加%d的生命。,1=32=0.2 2=4=4,20,50=1,16=306,,,,resource/icon/skill/HuiFu.png,,,
307,晕眩·全,使全体敌方将领晕眩（等级越高成功率越高），持续%.1f秒。,1=1=0.05,20,50=1,16=307,,,,resource/icon/skill/YunAll.png,,,
308,晕眩·排,使前排敌方将领晕眩（等级越高成功率越高），持续%.1f秒。,1=1.5=0.075,20,50=1,16=308,,,,resource/icon/skill/YunShu.png,,,
309,晕眩·列,使前列敌方将领晕眩（等级越高成功率越高），持续%.1f秒。,1=1.5=0.075,20,50=1,16=309,,,,resource/icon/skill/YunHeng.png,,,
310,晕眩·攻,使攻击最高敌方将领晕眩（等级越高成功率越高），持续%.1f秒。,1=3=0.15,20,50=1,16=310,,,,resource/icon/skill/YunGong.png,,,
311,冰冻·全,使全体敌方将领冰冻（等级越高成功率越高），持续%.1f秒。,1=1=0.05,20,50=1,16=311,,,,resource/icon/skill/FrozenAll.png,,,
312,冰冻·排,使前排敌方将领冰冻（等级越高成功率越高），持续%.1f秒。,1=1.5=0.075,20,50=1,16=312,,,,resource/icon/skill/FrozenShu.png,,,
313,冰冻·列,使前列敌方将领冰冻（等级越高成功率越高），持续%.1f秒。,1=1.5=0.075,20,50=1,16=313,,,,resource/icon/skill/FrozenHeng.png,,,
314,冰冻·攻,使攻击最高敌方将领冰冻（等级越高成功率越高），持续%.1f秒。,1=3=0.15,20,50=1,16=314,,,,resource/icon/skill/FrozenGong.png,,,
315,缓速·全,使全体敌方将领缓速（等级越高成功率越高），持续%.1f秒。,1=1=0.05,20,50=1,16=315,,,,resource/icon/skill/ManAll.png,,,
316,缓速·排,使前排敌方将领缓速（等级越高成功率越高），持续%.1f秒。,1=1.5=0.075,20,50=1,16=316,,,,resource/icon/skill/ManShu.png,,,
317,缓速·列,使前列敌方将领缓速（等级越高成功率越高），持续%.1f秒。,1=1.5=0.075,20,50=1,16=317,,,,resource/icon/skill/ManHeng.png,,,
318,缓速·攻,使攻击最高敌方将领缓速（等级越高成功率越高），持续%.1f秒。,1=3=0.15,20,50=1,16=318,,,,resource/icon/skill/ManGong.png,,,
319,弱·攻,降低全体敌方将领攻击%.1f%%，持续4秒。,1=5=0.25,20,50=1,16=319,,,,resource/icon/skill/RuoGong.png,,,
320,弱·防,降低全体敌方将领防御%.1f%%，持续4秒。,1=5=0.25,20,50=1,16=320,,,,resource/icon/skill/RuoFang.png,,,
321,晕眩·列,使前列敌方将领晕眩（等级越高成功率越高），持续%.1f秒。,1=1.5=0.075,20,50=1,16=321,,,,resource/icon/skill/YunHeng.png,,,
322,晕眩·列,使前列敌方将领晕眩（等级越高成功率越高），持续%.1f秒。,1=1.5=0.075,20,50=1,16=322,,,,resource/icon/skill/YunHeng.png,,,
323,冰冻·列,使前列敌方将领冰冻（等级越高成功率越高），持续%.1f秒。,1=1.5=0.075,20,50=1,16=323,,,,resource/icon/skill/FrozenHeng.png,,,
324,冰冻·列,使前列敌方将领冰冻（等级越高成功率越高），持续%.1f秒。,1=1.5=0.075,20,50=1,16=324,,,,resource/icon/skill/FrozenHeng.png,,,
325,缓速·列,使前列敌方将领缓速（等级越高成功率越高），持续%.1f秒。,1=3=0.15,20,50=1,16=325,,,,resource/icon/skill/ManHeng.png,,,
326,缓速·列,使前列敌方将领缓速（等级越高成功率越高），持续%.1f秒。,1=3=0.15,20,50=1,16=326,,,,resource/icon/skill/ManHeng.png,,,
,,,,,,,,,,,,,
,,,,,,,,,,,,,
,,,,,,,,,,,,,
,,,,,,,,,,,,,
,,,,,,,,,,,,,
,,,,,,,,,,,,,
,,,,,,,,,,,,,
,,,,,,,,,,,,,
,,,,,,,,,,,,,
351,伤·全,对全体敌方将领造成%.1f%%基本攻击，附加%d伤害。,1=36=0.2 2=5=5,20,50=1,16=351,,,,resource/icon/skill/ShangAll.png,,,
352,伤·全,对全体敌方将领造成%.1f%%基本攻击，附加%d伤害。,1=36=0.2 2=5=5,20,50=1,16=352,,,,resource/icon/skill/ShangAll.png,,,
353,伤·全,对全体敌方将领造成%.1f%%基本攻击，附加%d伤害。,1=36=0.2 2=5=5,20,50=1,16=353,,,,resource/icon/skill/ShangAll.png,,,
354,伤·全,对全体敌方将领造成%.1f%%基本攻击，附加%d伤害。,1=36=0.2 2=5=5,20,50=1,16=354,,,,resource/icon/skill/ShangAll.png,,,
355,伤·排,对前排敌方将领造成%.1f%%基本攻击，附加%d伤害。,1=65=0.5 2=8=8,20,50=1,16=355,,,,resource/icon/skill/ShangShu.png,,,
356,伤·排,对前排敌方将领造成%.1f%%基本攻击，附加%d伤害。,1=65=0.5 2=8=8,20,50=1,16=356,,,,resource/icon/skill/ShangShu.png,,,
357,伤·列,对前列敌方将领造成%.1f%%基本攻击，附加%d伤害。,1=60=0.5 2=8=8,20,50=1,16=357,,,,resource/icon/skill/ShangHeng.png,,,
358,伤·列,对前列敌方将领造成%.1f%%基本攻击，附加%d伤害。,1=60=0.5 2=8=8,20,50=1,16=358,,,,resource/icon/skill/ShangHeng.png,,,
359,伤·列,对前列敌方将领造成%.1f%%基本攻击，附加%d伤害。,1=60=0.5 2=8=8,20,50=1,16=359,,,,resource/icon/skill/ShangHeng.png,,,
360,伤·末,对最后方敌方将领造成%.1f%%基本攻击，附加%d伤害。,1=120=1 2=12=12,20,50=1,16=360,,,,resource/icon/skill/ShangMo.png,,,
361,晕眩·排,使前排敌方将领晕眩（等级越高成功率越高），持续%.1f秒。,1=1.5=0.075,20,50=1,16=361,,,,resource/icon/skill/YunShu.png,,,
362,晕眩·排,使前排敌方将领晕眩（等级越高成功率越高），持续%.1f秒。,1=1.5=0.075,20,50=1,16=362,,,,resource/icon/skill/YunShu.png,,,
363,晕眩·列,使前列敌方将领晕眩（等级越高成功率越高），持续%.1f秒。,1=1.5=0.075,20,50=1,16=363,,,,resource/icon/skill/YunHeng.png,,,
364,晕眩·全,使全体敌方将领晕眩（等级越高成功率越高），持续%.1f秒。,1=1=0.05,20,50=1,16=364,,,,resource/icon/skill/YunAll.png,,,
365,冰冻·全,使全体敌方将领冰冻（等级越高成功率越高），持续%.1f秒。,1=1=0.05,20,50=1,16=365,,,,resource/icon/skill/FrozenAll.png,,,
366,弱·防,降低全体敌方将领防御%.1f%%，持续4秒。,1=5=0.25,20,50=1,16=320,,,,resource/icon/skill/RuoFang.png,,,
367,弱·攻,降低全体敌方将领攻击%.1f%%，持续4秒。,1=5=0.25,20,50=1,16=367,,,,resource/icon/skill/RuoGong.png,,,
368,晕眩·全,使全体敌方将领晕眩（等级越高成功率越高），持续%.1f秒。,1=1=0.05,20,50=1,16=368,,,,resource/icon/skill/YunAll.png,,,
369,晕眩·排,使前排敌方将领晕眩（等级越高成功率越高），持续%.1f秒。,1=1.5=0.075,20,50=1,16=369,,,,resource/icon/skill/YunShu.png,,,
370,冰冻·全,使全体敌方将领冰冻（等级越高成功率越高），持续%.1f秒。,1=1=0.05,20,50=1,16=370,,,,resource/icon/skill/FrozenAll.png,,,
371,缓速·列,使前列敌方将领缓速（等级越高成功率越高），持续%.1f秒。,1=1.5=0.075,20,50=1,16=371,,,,resource/icon/skill/ManHeng.png,,,
372,伤·列,对前列敌方将领造成%.1f%%基本攻击，附加%d伤害。,1=60=0.5 2=8=8,20,50=1,16=372,,,,resource/icon/skill/ShangHeng.png,,,
373,回复·全,对全体己方将领回复%.1f%%基本攻击，附加%d的生命。,1=32=0.2 2=4=4,20,50=1,16=373,,,,resource/icon/skill/HuiFu.png,,,
374,伤·排,对前排敌方将领造成%.1f%%基本攻击，附加%d伤害。,1=65=0.5 2=8=8,20,50=1,16=374,,,,resource/icon/skill/ShangShu.png,,,
375,伤·全,对全体敌方将领造成%.1f%%基本攻击，附加%d伤害。,1=36=0.2 2=5=5,20,50=1,16=375,,,,resource/icon/skill/ShangAll.png,,,
376,伤·全,对全体敌方将领造成%.1f%%基本攻击，附加%d伤害。,1=36=0.2 2=5=5,20,50=1,16=376,,,,resource/icon/skill/ShangAll.png,,,
377,晕眩·全,使全体敌方将领晕眩（等级越高成功率越高），持续%.1f秒。,1=1=0.05,20,50=1,16=377,,,,resource/icon/skill/YunAll.png,,,
,,,,,,,,,,,,,
,,,,,,,,,,,,,
801,,,,20,50=1,16=1,,,,,,,
802,,,,20,50=1,16=8,,,,,,,
803,,,,20,50=1,16=7,,,,,,,
804,,,,20,50=1,16=2,,,,,,,
805,,,,20,50=1,16=6,,,,,,,
806,,,,20,50=1,16=2,,,,,,,
,,,,,,,,,,,,,
811,,,,20,50=1,16=811,,,,,,,
812,,,,20,50=1,16=812,,,,,,,
813,,,,20,50=1,16=813,,,,,,,
814,,,,20,50=1,16=814,,,,,,,
,,,,,,,,,,,,,
,,,,,,,,,,,,,
1001,咆哮,对前排敌人造成%.1f%%的伤害，且附带50%%的爆伤。,1=84=2,20,50=1,16=1001,,,1001,resource/icon/skill/60.png,,,
1002,破胆,每击杀一个敌人，暴击增加%d，直至战斗结束。,1=60=6,20,19=1,4=60,4=6,1,1002,resource/icon/skill/63.png,resource/ui_rc/battle/effect/skill_podan.png,307,
1003,狂暴,自身提升%.1f%%的爆伤，持续8秒。,1=40=4,20,50=1,16=1003,,,1003,resource/icon/skill/62.png,,,
1004,斗智,对敌方攻击力最高武将造成%.1f%%的伤害并打断对方攻击。,1=148=3.6,20,50=1,16=1004,,,1004,resource/icon/skill/53.png,,,
1005,出奇制胜,对敌方攻击力最高武将造成%.1f%%的伤害，且机率使其晕眩3秒。,1=132=3.2,20,50=1,16=1005,,,1005,resource/icon/skill/17.png,,,
1006,无双风流,提升自身暴击值%d，爆伤值%.1f%%。,1=120=12 2=20=2,20,1=1,4=120 6=20,4=12 6=2,,1006,resource/icon/skill/18.png,,307,
1007,盲夏侯,对前排造成%.1f%%的伤害，且机率使其晕眩3秒。,1=92=2.23,20,50=1,16=1007,,,1007,resource/icon/skill/23.png,,,
1008,格挡强化,提升自身格挡值%d。,1=100=10,20,1=1,9=100,9=10,,1008,resource/icon/skill/21.png,,308,
1009,氪金眼,提升自身命中值%d。,1=120=12,20,1=1,8=120,8=12,,1009,resource/icon/skill/22.png,,307,
1010,仲谋之谋,对前方一列造成%.1f%%的伤害。,1=98=2.4,20,50=1,16=1010,,,1010,resource/icon/skill/36.png,,,
1011,骑马射虎,对最后方敌方目标造成%.1f%%攻击的伤害。,1=132=3.2,20,50=1,16=1011,,,1011,resource/icon/skill/35.png,,,
1012,黄龙下凡,当生命低于%.1f%%时，每受到一次攻击，己方全体回复%.1f%%本次伤害的生命。,1=50=0 2=20=2,20,20=50,20=20,20=2,,1012,resource/icon/skill/38.png,resource/ui_rc/battle/effect/skill_01.png,,
1013,寒冰术,对攻击力最高的人释放冰球造成%.1f%%的冰冻伤害，且机率使其冰冻，持续3秒。,1=120=2,20,50=1,16=1013,,,1013,resource/icon/skill/122.png,,,
1014,炎火术,对攻击力最高的扔出火球造成%.1f%%的火焰伤害。,1=148=3.6,20,50=1,16=1014,,,1014,resource/icon/skill/123.png,,,
1015,攻击强化,提升自身攻击力%.1f%%。,1=8=0.8,20,1=1,1=8,1=0.8,,1015,resource/icon/skill/14.png,,307,
1016,伤·列,对前列敌方将领造成%.1f%%基本攻击，附加%d伤害。,1=90=2.25 2=8=8,20,50=1,16=1016,,,1016,resource/icon/skill/12.png,,,
1017,命中,提高命中%d。,1=80=8,20,1=1,8=80,8=8,,1017,resource/icon/skill/MingZhong.png,,307,
1018,破击,提高破击（破格挡能力）%d。,1=80=8,20,1=1,10=80,10=8,,1018,resource/icon/skill/PoJi.png,,308,
1019,八卦阵,对敌方攻击力最高武将连续2轮造成%.1f%%的伤害。,1=76=1.84,20,50=1,16=1019,,,1019,resource/icon/skill/86.png,,,
1020,借东风,借取一个敌方随机武将%.1f%%的攻击增强自身，效果上限为300%%。,1=10=0.5,20,50=1,16=1020,,,1020,resource/icon/skill/85.png,,,
1021,隆中对,提升自身%.1f%%的技能伤害。,1=12=1.2,20,7=1,27=12,27=1.2,,1021,resource/icon/skill/88.png,resource/ui_rc/battle/effect/skill_skillhurt.png,,
1022,伤·排,对前排敌方将领造成%.1f%%基本攻击，附加%d伤害。,1=85=2.05 2=8=8,20,50=1,16=1022,,,1022,resource/icon/skill/ShangShu.png,,,
1023,韧性,提高韧性（抗暴击能力)%d。,1=120=12,20,1=1,5=120,5=12,,1023,resource/icon/skill/RenXing.png,,307,
1024,暴击,提高暴击%d。,1=100=10,20,1=1,4=100,4=10,,1024,resource/icon/skill/BaoJi.png,,307,
1025,席卷,对前方一列造成%.1f%%的伤害。,1=98=2.4,20,50=1,16=1025,,,1025,resource/icon/skill/135.png,,,
1026,灵动,提升自身防御值%.1f%%。,1=15=1.5,20,1=1,2=15,2=1.5,,1026,resource/icon/skill/136.png,,307,
1027,骄横,提升自身攻击力%.1f%%。,1=8=0.5,20,1=1,1=8,1=0.5,,1027,resource/icon/skill/14.png,,308,
1028,倚天剑斩,使全体敌方武将晕眩（技能等级越高成功率越高），持续%.1f秒。,1=2.5=0.125,20,50=1,16=1028,,,1028,resource/icon/skill/71.png,,,
1029,奸雄,机率将所受到的伤害100%%反弹给对方（技能等级越高，反弹机率越大）。,,20,26=1,24=5,24=0.5,,1029,resource/icon/skill/72.png,resource/ui_rc/battle/effect/skill_02.png,,
1030,梦中杀人,死亡时对一个随机敌方武将造成自身%.1f%%生命的伤害。,1=40=4,20,25=1,23=40,23=4,,1030,resource/icon/skill/73.png,resource/ui_rc/battle/effect/skill_03.png,,
1031,画戟,对前排造成%.1f%%的伤害，且机率使对方晕眩3秒。,1=88=2.13,20,50=1,16=1031,,,1031,resource/icon/skill/12.png,,,
1032,战神,连击，对前方目标连续造成2次%.1f%%的伤害并打断对方攻击。,1=75=1.82,20,50=1,16=1032,,,1032,resource/icon/skill/10.png,,,
1033,暴击,提升自身的暴击值%d。,1=120=12,20,1=1,4=120,4=12,,1033,resource/icon/skill/62.png,,307,
1034,单刀赴会,对前排敌人造成%.1f%%伤害的攻击，且降低对方一定的防御，持续3秒。,1=85=2.05,20,50=1,16=1034,,,1034,resource/icon/skill/69.png,,,
1035,武圣,对前方敌方武将造成%.1f%%的伤害，且使其无法技能攻击5秒。,1=132=3.2,20,50=1,16=1035,,,1035,resource/icon/skill/11.png,,307,
1036,春秋,在场时可额外获得怒气值%d。,1=50=10,20,1=1,35=50,35=10,,1036,resource/icon/skill/96.png,resource/ui_rc/battle/effect/chunqiu.png,307,
1037,龙枪,对前2排造成%.1f%%的伤害，且附带250的命中。,1=52=1.3,20,50=1,16=1037,,,1037,resource/icon/skill/97.png,,,
1038,龙胆,连击，对前方目标连续造成2次%.1f%%的伤害并打断对方攻击。,1=74=1.8,20,50=1,16=1038,,,1038,resource/icon/skill/98.png,,,
1039,闪避强化,提升自身的闪避值%d。,1=80=8,20,1=1,7=80,7=8,,1039,resource/icon/skill/5.png,,308,
1040,连击,对敌方前方武将造成%.1f%%的伤害，连续2次。,1=72=1.75,20,50=1,16=1040,,,1040,resource/icon/skill/132.png,,,
1041,武痴,训练自身，提高自身暴击%d。,1=110=11,20,1=1,4=110,4=11,,1041,resource/icon/skill/62.png,,307,
1042,以战养战,杀死一个敌方回复自身%.1f%%的最大生命值。,1=8=0.8,20,19=1,31=8,31=0.8,,1042,resource/icon/skill/133.png,resource/ui_rc/battle/effect/skill_04.png,,
1043,威震逍遥,对前排造成%.1f%%攻击的伤害，并降低对方破击%d，持续3秒。,1=88=2.13 2=98=0,20,50=1,16=1043,,,1043,resource/icon/skill/1.png,,,
1044,镇守,提升自身格挡值%d，持续5秒。,1=120=12,20,50=1,16=1044,,,1044,resource/icon/skill/81.png,,308,
1045,曹魏之刃,自身成功格挡后，吸收%.1f%%本次伤害转为自身生命。,1=15=1.5,20,17=1,25=15,25=1.5,,1045,resource/icon/skill/59.png,resource/ui_rc/battle/effect/skill_05.png,308,
1046,雌雄双剑,对前排造成%.1f%%攻击的伤害，并降低对方命中%d，持续3秒。,1=88=2.13 2=98=0,20,50=1,16=1046,,,1046,resource/icon/skill/85.png,,,
1047,的卢飞快,驱使的卢战马，提升自身闪避值%d，持续5秒。,1=80=8,20,50=1,16=1047,,,1047,resource/icon/skill/5.png,,308,
1048,仁者无敌,每成功闪避一次，提升%.1f%%的攻击（整场战斗累加）。,1=3=0.3,20,16=1,1=3,1=0.3,1,1048,resource/icon/skill/4.png,resource/ui_rc/battle/effect/skill_renzhewudi.png,,
1049,天书,使全体敌方武将缓速（技能等级越高成功率越高），持续%.1f秒。,1=5=0.25,20,50=1,16=1049,,,1049,resource/icon/skill/48.png,,,
1050,诡道,降低敌方攻击最高武将%.1f%%的攻击，持续6秒。,1=15=0.75,20,50=1,16=1050,,,1050,resource/icon/skill/51.png,,342,
1051,怒火,提升%.1f%%的己方怒气回复速度。,1=20=1.5,20,1=1,19=20,19=1.5,,1051,resource/icon/skill/50.png,,,
1052,美人计,随机使一个敌方角色变成猪，直至该角色受到伤害，技能等级越高成功率越高。,,20,50=1,16=1052,,,1052,resource/icon/skill/95.png,,,
1053,怜香惜玉,攻击对象为男武将时，普攻伤害提升%.1f%%。,1=18=1.8,20,11=0,17=18,17=1.8,,1053,resource/icon/skill/92.png,resource/ui_rc/battle/effect/skill_06.png,,
1054,红颜一怒,每次受到伤害，概率获得0.5格怒气，技能等级越高成功率越高。,,20,21=1,21=20,21=1,,1054,resource/icon/skill/93.png,resource/ui_rc/battle/effect/skill_07.png,,
1055,医术专精,提升%.1f%%回复效果。,1=11=1.1,20,23=1,27=11,27=1.1,,1055,resource/icon/skill/8.png,resource/ui_rc/battle/effect/skill_yishu.png,308,
1056,刮骨,对随机一个敌方武将造成每回合%.1f%%攻击的伤害，持续4回合。,1=28=0.68,20,50=1,16=1056,,,1056,resource/icon/skill/7.png,,,
1057,妙手,给予生命最低的己方武将无敌状态，持续%.1f秒。,1=2.5=0.125,20,50=1,16=1057,,,1057,resource/icon/skill/9.png,,,
1058,国色,对最后方武将造成%.1f%%的伤害，且机率使其冰冻，持续3秒。,1=132=3.2,20,50=1,16=1058,,,1058,resource/icon/skill/45.png,,,
1059,天香,对前方一列造成%.1f%%的伤害，且机率使其冰冻，持续3秒。,1=90=2.25,20,50=1,16=1059,,,1059,resource/icon/skill/46.png,,,
1060,怒火,提升%.1f%%的己方怒气回复速度。,1=20=1.5,20,1=1,19=20,19=1.5,,1060,resource/icon/skill/28.png,,,
1061,弱·防,降低全体敌方将领防御%.1f%%，持续5秒。,1=10=1,20,50=1,16=1061,,,1061,resource/icon/skill/RuoFang.png,,342,
1062,命中,提高命中%d。,1=80=8,20,1=1,8=80,8=8,,1062,resource/icon/skill/MingZhong.png,,307,
1063,倾国,攻击对象为男性时，普通攻击提升%.1f%%。,1=12=1.2,20,11=0,1=12,1=1.2,,1063,resource/icon/skill/QingGuo.png,resource/ui_rc/battle/effect/skill_08.png,,
1064,伤·全,对全体敌方将领造成%.1f%%基本攻击，附加%d伤害。,1=38=0.9 2=5=5,20,50=1,16=1064,,,1064,resource/icon/skill/ShangAll.png,,,
1065,恩泽,自身生命总量提升%.1f%%,1=6=0.6,20,1=1,3=6,3=0.6,,1065,resource/icon/skill/EnZe.png,,,
1066,闪避,提高闪避%d。,1=60=6,20,1=1,7=60,7=6,,1066,resource/icon/skill/ShanBi.png,,,
1067,霸气侧漏,每暴击一次，增加暴击值%d（整场战斗累加）。,1=50=5,20,24=1,4=50,4=5,1,1067,resource/icon/skill/40.png,resource/ui_rc/battle/effect/skill_09.png,307,
1068,霸气凌人,对前排造成%.1f%%的伤害，并机率使其冰冻，持续3秒。,1=85=2.05,20,50=1,16=1068,,,1068,resource/icon/skill/41.png,,,
1069,骁武,自身提升%.1f%%的爆伤，持续8秒。,1=40=4,20,50=1,16=1069,,,1069,resource/icon/skill/42.png,,,
1070,据守,让自身获得一个防御状态，提升防御%.1f%%，持续8秒。,1=18=1.8,20,50=1,16=1070,,,1070,resource/icon/skill/68.png,,,
1071,虎踞,对前排敌人造成%.1f%%的伤害。,1=85=2.05,20,50=1,16=1071,,,1071,resource/icon/skill/70.png,,,
1072,断后,使得后2排敌方武将缓速（技能等级越高成功率越高），持续%.1f秒。,1=5=0.25,20,50=1,16=1072,,,1072,resource/icon/skill/69.png,,,
1073,弱·攻,降低全体敌方将领攻击%.1f%%，持续5秒。,1=6=0.6,20,50=1,16=1073,,,1073,resource/icon/skill/RuoGong.png,,342,
1074,破击,提高破击（破格挡能力）%d。,1=80=8,20,1=1,10=80,10=8,,1074,resource/icon/skill/PoJi.png,,308,
1075,不屈,HP低于50%%时，闪避提升%d。,1=100=10,20,12=50,7=100,7=10,,1075,resource/icon/skill/BuQu.png,,,
1076,冲锋陷阵,对前2排敌方武将造成%.1f%%的伤害，且机率使其晕眩3秒。,1=52=1.3,20,50=1,16=1076,,,1076,resource/icon/skill/60.png,,,
1077,破甲,击溃全体敌方护甲，降低敌方%.1f%%的防御，持续5秒。,1=12=0.6,20,50=1,16=1077,,,1077,resource/icon/skill/96.png,,308,
1078,先主之力,调集先主之力，对前排造成%.1f%%的伤害。,1=85=2.05,20,50=1,16=1078,,,1078,resource/icon/skill/64.png,,307,
1079,伤·排,对前排敌方将领造成%.1f%%基本攻击，附加%d伤害。,1=85=2.05 2=8=8,20,50=1,16=1079,,,1079,resource/icon/skill/ShangShu.png,,,
1080,暴击,提高暴击%d。,1=100=10,20,1=1,4=100,4=10,,1080,resource/icon/skill/BaoJi.png,,307,
1081,灭骑,攻击对象为骑兵时，普通攻击提升%.1f%%。,1=15=1.5,20,4=3,1=15,1=1.5,,1081,resource/icon/skill/MieQi.png,,,
1082,枪舞·击,对前列敌人造成%.1f%%的伤害。,1=108=2.62,20,50=1,16=1082,,,1082,resource/icon/skill/55.png,,,
1083,枪舞·钝,对前列造成%.1f%%的伤害，并机率使其缓速，持续5秒,1=90=2.25,20,50=1,16=1083,,,1083,resource/icon/skill/56.png,,,
1084,防御强化,提升自身防御值%.1f%%。,1=15=1.5,20,1=1,2=15,2=1.5,,1084,resource/icon/skill/57.png,,308,
1085,伤·列,对前列敌方将领造成%.1f%%基本攻击，附加%d伤害。,1=90=2.25 2=8=8,20,50=1,16=1085,,,1085,resource/icon/skill/ShangHeng.png,,,
1086,甘露,受到回复技能时，回复效果提升%.1f%%。,1=20=2,20,9=1,15=20,15=2,,1086,resource/icon/skill/GanLu.png,,,
1087,闪避,提高闪避%d。,1=60=6,20,1=1,7=60,7=6,,1087,resource/icon/skill/ShanBi.png,,,
1088,狙击,对生命最低的敌方武将造成%.1f%%的伤害并打断其攻击。,1=148=3.6,20,50=1,16=1088,,,1088,resource/icon/skill/32.png,,,
1089,弱点专精,专注于瞄准敌方弱点，提高暴击值%d，爆伤%.1f%%。,1=80=8 2=20=2,20,1=1,4=80 6=20,4=8 6=2,,1089,resource/icon/skill/30.png,,307,
1090,致命一击,当对方生命少于%.1f%%时，有一定的概率秒杀，技能等级越高成功率越高。,1=25=0,20,22=25,22=33,22=3.3,,1090,resource/icon/skill/33.png,resource/ui_rc/battle/effect/skill_10.png,,
1091,神机箭,对敌方攻击最高武将造成%.1f%%的伤害，并机率其实晕眩3秒。,1=132=3.2,20,50=1,16=1091,,,1091,resource/icon/skill/104.png,,,
1092,老当益壮,对敌方所有武将造成%.1f%%的伤害。,1=38=0.9,20,50=1,16=1092,,,1092,resource/icon/skill/106.png,,,
1093,箭锋,提升自身命中值%d，破击值%d。,1=120=12 2=150=15,20,1=1,8=120 10=150,8=12 10=15,,1093,resource/icon/skill/105.png,,307,
1094,女王大人,对敌方随机一个武将造成%.1f%%的伤害，并机率使其晕眩3秒。,1=132=3.2,20,50=1,16=1094,,,1094,resource/icon/skill/99.png,,,
1095,女王威严,对敌方随机一个武将造成%.1f%%的伤害，并机率使其冰冻3秒。,1=132=3.2,20,50=1,16=1095,,,1095,resource/icon/skill/100.png,,,
1096,女王号令,入场时给予全体己方武将提升25%%的攻击速度，持续%.1f秒。,1=3=0.25,20,50=1,16=1096,,,1096,resource/icon/skill/101.png,resource/ui_rc/battle/effect/skill_jidu.png,,
1097,伤·列,对前列敌方将领造成%.1f%%基本攻击，附加%d伤害。,1=90=2.25 2=8=8,20,50=1,16=1097,,,1097,resource/icon/skill/ShangHeng.png,,,
1098,抵抗,提高抵抗%d，抵抗越高，抵抗晕眩，冰冻，缓速的能力越强。,1=120=12,20,1=1,11=120,11=12,,1098,resource/icon/skill/ShangShu.png,,,
1099,免疫,免疫所有虚弱状态（攻击削弱，防御削弱）。,,1,10=1,13=1,,,1099,resource/icon/skill/MianYi.png,,308,
1100,伤·列,对前列敌方将领造成%.1f%%基本攻击，附加%d伤害。,1=90=2.25 2=8=8,20,50=1,16=1100,,,1100,resource/icon/skill/ShangHeng.png,,,
1101,猛攻,自身攻击提升提升%.1f%%。,1=5=0.5,20,1=1,1=5,1=0.5,,1101,resource/icon/skill/MengGong.png,,307,
1102,强攻,发动伤害类技能时，自身攻击力提升%.1f%%。,1=10=1,20,7=1,1=10,1=1,,1102,resource/icon/skill/QiangGong.png,,307,
1103,锦帆击,对敌方第一个目标造成%.1f%%的伤害。,1=145=3.52,20,50=1,16=1103,,,1103,resource/icon/skill/79.png,,,
1104,生命强化,提升自身生命值%.1f%%。,1=8=0.8,20,1=1,3=8,,,1104,resource/icon/skill/81.png,,306,
1105,水刀,对敌方前排造成%.1f%%的伤害，并打断对方攻击。,1=87=2.11,20,50=1,16=1105,3=0.8,,1105,resource/icon/skill/78.png,,,
1106,骷髅术,使全体敌方武将陷入恐惧无法施放技能，持续%.1f秒。,1=1.5=0.075,20,50=1,16=1106,,,1106,resource/icon/skill/125.png,,,
1107,骷髅盾,为友方最前方一个武将提供骷髅护盾，提升防御%.1f%%，持续3秒。,1=50=5,20,50=1,16=1107,,,1107,resource/icon/skill/126.png,,,
1108,复生,骷髅复生，保留自身%d%%生命。,1=10=2,20,25=1,30=10,30=2,,1108,resource/icon/skill/127.png,resource/ui_rc/battle/effect/skill_11.png,308,
1109,三日不绝,对敌方最后方武将造成%.1f%%伤害的攻击，并机率使其晕眩，持续3秒。,1=132=3.2,20,50=1,16=1109,,,1109,resource/icon/skill/111.png,,,
1110,潇湘夜雨,使己方全体每回合回复%.1f%%攻击的生命，持续4回合。,1=10=0.24,20,50=1,16=1110,,,1110,resource/icon/skill/112.png,,,
1111,琴瑟调和,治疗效果提升%.1f%%。,1=17=1.7,20,23=1,27=17,27=1.7,,1111,resource/icon/skill/113.png,,,
1112,沉默,使敌方随机一个武将沉默，持续%.1f秒。,1=3=0.15,20,50=1,16=1112,,,1112,resource/icon/skill/28.png,,,
1113,暗送秋波,对敌方后2排造成%.1f%%的伤害。,1=52=1.3,20,50=1,16=1113,,,1113,resource/icon/skill/27.png,,,
1114,流离,对敌方一个随机武将造成%.1f%%的伤害，并使其技能消耗怒气+1，可累加。,1=44=4.4,20,50=1,16=1114,,,1114,resource/icon/skill/29.png,,,
1115,弱·防,降低全体敌方将领防御%.1f%%，持续5秒。,1=10=1,20,50=1,16=1115,,,1115,resource/icon/skill/RuoFang.png,,342,
1116,反蜀,攻击方为蜀国阵营时，减免%.1f%%的普通伤害。,1=15=1.5,20,3=3,12=15,12=1.5,,1116,resource/icon/skill/KeShu.png,,,
1117,灭魏,攻击对象为魏国阵营时，普通攻击提升%.1f%%。,1=15=1.5,20,5=2,1=15,1=1.5,,1117,resource/icon/skill/KeWei.png,,,
1118,裂魂爪,对前排敌方将领造成%.1f%%基本攻击。,1=90=2.25,20,50=1,16=1118,,,1118,resource/icon/skill/108.png,,,
1119,穿心刺,对前列敌方将领造成%.1f%%基本攻击，并机率使其晕眩3秒。,1=88=2.2,20,50=1,16=1119,,,1119,resource/icon/skill/109.png,,,
1120,生命强化,提升自身生命值%.1f%%。,1=8=0.8,20,1=1,3=8,3=0.8,,1120,resource/icon/skill/81.png,,306,
1121,伤·列,对前列敌方将领造成%.1f%%基本攻击，附加%d伤害。,1=90=2.25 2=8=8,20,50=1,16=1121,,,1121,resource/icon/skill/ShangHeng.png,,,
1122,灭魏,攻击对象为魏国阵营时，普通攻击提升%.1f%%。,1=15=1.5,20,5=2,1=15,1=1.5,,1122,resource/icon/skill/KeWei.png,,,
1123,反吴,攻击方为吴国阵营时，减免%.1f%%的普通伤害。,1=15=1.5,20,3=4,12=15,12=1.5,,1123,resource/icon/skill/KeWu.png,,,
1124,晕眩·攻,使攻击最高敌方将领晕眩（技能等级越高成功率越高），持续%.1f秒。,1=2.5=0.125,20,50=1,16=1124,,,1124,resource/icon/skill/YunGong.png,,,
1125,破击,提高破击（破格挡能力）%d。,1=80=8,20,1=1,10=80,10=8,,1125,resource/icon/skill/PoJi.png,,308,
1126,暴击,提高暴击%d。,1=100=10,20,1=1,4=100,4=10,,1126,resource/icon/skill/BaoJi.png,,307,
1127,定颜,使敌方前2排武将机率晕眩（技能等级越高成功率越高），持续%.1f秒。,1=2.5=0.125,20,50=1,16=1127,,,1127,resource/icon/skill/118.png,,,
1128,祸水,对前2排敌方武将造成%.1f%%的伤害。,1=52=1.3,20,50=1,16=1128,,,1128,resource/icon/skill/119.png,,,
1129,障眼,为己方最前方武将提升%d的闪避，持续2.5秒。,1=200=10,20,50=1,16=1129,,,1129,resource/icon/skill/120.png,,,
1130,伤·排,对前排敌方将领造成%.1f%%基本攻击，附加%d伤害。,1=85=2.05 2=8=8,20,50=1,16=1130,,,1130,resource/icon/skill/ShangShu.png,,,
1131,韧性,提高韧性（抗暴击能力）%d。,1=120=12,20,1=1,5=120,5=12,,1131,resource/icon/skill/RenXing.png,,307,
1132,免疫,免疫所有虚弱状态（攻击削弱，防御削弱）。,,1,10=1,13=1,,,1132,resource/icon/skill/MianYi.png,,,
1133,攻心,降低敌方攻击最高武将命中%d，持续5秒。,1=250=12.5,20,50=1,16=1133,,,1133,resource/icon/skill/138.png,,342,
1134,贯穿,对敌方后排武将造成%.1f%%的伤害，并降低其25%%防御。,1=85=2.05,20,50=1,16=1134,,,1134,resource/icon/skill/139.png,,342,
1135,怜悯,给予己方生命最低武将一个承受%d伤害的光盾。,1=750=250,20,50=1,16=1135,,,1135,resource/icon/skill/140.png,,,
1136,剑舞·乱,使敌方前排武将机率晕眩（技能等级越高成功率越高），持续%.1f秒。,1=2.5=0.125,20,50=1,16=1136,,,1136,resource/icon/skill/75.png,,,
1137,剑舞·钝,使敌方攻击最高武将缓速（技能等级越高成功率越高），持续%.1f秒。,1=5=0.25,20,50=1,16=1137,,,1137,resource/icon/skill/76.png,,,
1138,生命强化,提升自身生命%.1f%%。,1=8=0.8,20,1=1,3=8,3=0.8,,1138,resource/icon/skill/81.png,,306,
1139,伤·全,对全体敌方将领造成%.1f%%基本攻击，附加%d伤害。,1=38=0.9 2=5=5,20,50=1,16=1139,,,1139,resource/icon/skill/ShangAll.png,,,
1140,灭魏,攻击对象为魏国阵营时，普通攻击提升%.1f%%。,1=15=1.5,20,5=2,1=15,1=1.5,,1140,resource/icon/skill/KeWei.png,,,
1141,不屈,HP低于50%%时，闪避提升%d。,1=100=10,20,12=50,7=100,7=10,,1141,resource/icon/skill/BuQu.png,,,
1142,伤·攻,对攻击最高的敌方将领造成%.1f%%基本攻击，附加%d伤害。,1=132=3.2 2=12=12,20,50=1,16=1142,,,1142,resource/icon/skill/ShangGong.png,,,
1143,命中,提高命中%d。,1=80=8,20,1=1,8=80,8=8,,1143,resource/icon/skill/MingZhong.png,,307,
1144,暴击,提高暴击%d。,1=100=10,20,1=1,4=100,4=10,,1144,resource/icon/skill/BaoJi.png,,307,
1145,无双突刺,对前排敌方将领造成%.1f%%基本攻击。,1=90=2.25,20,50=1,16=1145,,,1145,resource/icon/skill/166.png,,,
1146,万兽怒,对敌方前方武将造成%.1f%%的伤害。,1=132=3.2,20,50=1,16=1146,,,1146,resource/icon/skill/167.png,,,
1147,雪耻,提升自身的暴击值%d。,1=120=12,20,1=1,4=120,4=12,,1147,resource/icon/skill/62.png,,307,
1148,冰刺,对敌方后排造成每回合%.1f%%冰冻伤害，持续4回合。,1=20=0.48,20,50=1,16=1148,,,1148,resource/icon/skill/24.png,,,
1149,冰锋,对敌方后排造成%.1f%%的伤害，并机率使其冰冻，持续3秒。,1=85=2.05,20,50=1,16=1149,,,1149,resource/icon/skill/25.png,,,
1150,冰冻强化,提升冰冻效果成功率，等级越高提升效果越大。,,20,1=1,34=100,34=10,,1150,resource/icon/skill/14.png,,307,
1151,踏地术,践踏敌方前排，造成%.1f%%的伤害，并机率使其晕眩，持续3秒。,1=85=2.05,20,50=1,16=1151,,,1151,resource/icon/skill/146.png,,,
1152,冲锋号角,入场后给予己方全体一个增加吸收%d伤害的护盾。,1=400=200,20,50=1,16=1152,,,1152,resource/icon/skill/147.png,,306,2850
1153,久经沙场,训练自身，提升%.1f%%的防御。,1=12=1.2,20,1=1,2=12,2=1.2,,1153,resource/icon/skill/57.png,,308,
1154,横扫,对前排敌方将领造成%.1f%%的伤害。,1=85=2.05,20,50=1,16=1154,,,1154,resource/icon/skill/129.png,,,
1155,嘲讽,降低敌方前方武将%.1f%%防御，持续5秒。,1=22=2.2,20,50=1,16=1155,,,1155,resource/icon/skill/130.png,,342,
1156,蛮力,自身攻击提升%.1f%%。,1=6=0.6,20,1=1,1=6,1=0.6,,1156,resource/icon/skill/14.png,,307,
1157,突刺,对前方敌方目标给予%.1f%%的伤害，并机率致晕对方，持续3秒。,1=130=3.15,20,50=1,16=1157,,,1157,resource/icon/skill/115.png,,,
1158,坚如磐石,让自身获得一个防御状态，提升防御%.1f%%，持续8秒。,1=18=1.8,20,50=1,16=1158,,,1158,resource/icon/skill/116.png,,308,
1159,老当益壮,提升自身生命%.1f%%。,1=8=0.8,20,1=1,3=8,3=0.8,,1159,resource/icon/skill/81.png,,306,
1160,伤·列,对前列敌方将领造成%.1f%%基本攻击，附加%d伤害。,1=90=2.25 2=8=8,20,50=1,16=1160,,,1160,resource/icon/skill/ShangHeng.png,,,
1161,破击,提高破击（破格挡能力）%d。,1=80=8,20,1=1,10=80,10=8,,1161,resource/icon/skill/PoJi.png,,308,
1162,猛攻,自身攻击提升提升%.1f%%。,1=5=0.5,20,1=1,1=5,1=0.5,,1162,resource/icon/skill/MengGong.png,,307,
1163,伤·列,对前列敌方将领造成%.1f%%基本攻击，附加%d伤害。,1=90=2.25 2=8=8,20,50=1,16=1163,,,1163,resource/icon/skill/ShangHeng.png,,,
1164,格挡,提高格挡%d。,1=80=8,20,1=1,9=60,9=6,,1164,resource/icon/skill/GeDang.png,,308,
1165,铁壁,自身防御提升%.1f%%。,1=12=1.2,20,1=1,2=12,2=1.2,,1165,resource/icon/skill/21.png,,308,
1166,山河裂,对敌方前方武将造成%.1f%%的伤害。,1=132=3.2,20,50=1,16=1166,,,1166,resource/icon/skill/152.png,,,
1167,旋风斩,对前排敌方将领造成%.1f%%的伤害。,1=85=2.05,20,50=1,16=1167,,,1167,resource/icon/skill/153.png,,,
1168,万人敌,提升自身格挡%d。,1=100=10,20,1=1,9=100,9=10,,1168,resource/icon/skill/59.png,,308,
1169,吴下阿蒙,使敌方前排武将晕眩（技能等级越高成功率越高），持续%.1f秒。,1=2.5=0.125,20,50=1,16=1169,,,1169,resource/icon/skill/13.png,,,
1170,背水击,对前排造成%.1f%%的伤害，且附带100%%的爆伤。,1=85=2.05,20,50=1,16=1170,,,1170,resource/icon/skill/16.png,,,
1171,攻击强化,自身提升%.1f%%的攻击。,1=6=0.6,20,1=1,1=6,1=0.6,,1171,resource/icon/skill/14.png,,307,
1172,弱·攻,降低全体敌方将领攻击%.1f%%，持续5秒。,1=6=0.6,20,50=1,16=1172,,,1172,resource/icon/skill/RuoGong.png,,342,
1173,恩泽,自身生命总量提升%.1f%%,1=6=0.6,20,1=1,3=6,3=0.6,,1173,resource/icon/skill/EnZe.png,,308,
1174,不屈,HP低于50%%时，闪避提升%d。,1=100=10,20,12=50,7=100,7=10,,1174,resource/icon/skill/BuQu.png,,,
1175,闪避强化,提升自身闪避值%d。,1=80=8,20,1=1,7=80,7=8,,1175,resource/icon/skill/84.png,,308,
1176,火之刃,对前列敌方武将造成%.1f%%的伤害。,1=90=2.25,20,50=1,16=1176,,,1176,resource/icon/skill/82.png,,,
1177,藤甲,让自身获得一个防御状态，提升防御%.1f%%，持续8秒,1=20=2,20,50=1,16=1177,,,1177,resource/icon/skill/57.png,,308,
1178,伤·列,对前列敌方将领造成%.1f%%基本攻击，附加%d伤害。,1=90=2.25 2=8=8,20,50=1,16=1178,,,1178,resource/icon/skill/ShangHeng.png,,,
1179,铁壁,自身防御提升%.1f%%。,1=12=1.2,20,1=1,2=12,2=1.2,,1179,resource/icon/skill/21.png,,308,
1180,恩泽,自身生命总量提升%.1f%%,1=6=0.6,20,1=1,3=6,3=0.6,,1180,resource/icon/skill/EnZe.png,,308,
1181,弱·防,降低全体敌方将领防御%.1f%%，持续5秒。,1=10=1,20,50=1,16=1181,,,1181,resource/icon/skill/RuoFang.png,,342,
1182,韧性,提高韧性（抗暴击能力）%d。,1=120=12,20,1=1,5=120,5=12,,1182,resource/icon/skill/RenXing.png,,307,
1183,坚守,受到伤害类技能攻击时，自身防御力提升%.1f%%。,1=15=1.5,20,8=1,2=15,2=1.5,,1183,resource/icon/skill/JianShou.png,,308,
1184,效力,对前方敌方武将造成%.1f%%的伤害。,1=132=0.32,20,50=1,16=1184,,,1184,resource/icon/skill/68.png,,,
1185,乱舞,施计使前2排敌方武将动乱，造成%.1f%%的伤害。,1=52=1.3,20,50=1,16=1185,,,1185,resource/icon/skill/156.png,,,
1186,帷幕,催眠随机一个敌方武将，技能等级越高成功率越高。,,20,50=1,16=1186,,,1186,resource/icon/skill/72.png,,,
1187,连环计,使敌方攻击最高武将受到每回合%.1f%%攻击的火毒伤害，持续4回合。,1=20=0.48,20,50=1,16=1187,,,1187,resource/icon/skill/54.png,,,
1188,斗智,对敌方攻击最高武将造成%.1f%%的伤害并打断对方攻击。,1=148=3.6,20,50=1,16=1188,,,1188,resource/icon/skill/53.png,,,
1189,攻击强化,提升自身攻击力%.1f%%。,1=6=0.6,20,1=1,1=6,1=0.6,,1189,resource/icon/skill/14.png,,307,
1190,缓速·列,使前列敌方将领缓速（技能等级越高成功率越高），持续%.1f秒。,1=5=0.25,20,50=1,16=1190,,,1190,resource/icon/skill/ManHeng.png,,,
1191,破击,提高破击（破格挡能力）%d。,1=80=8,20,1=1,10=80,10=8,,1191,resource/icon/skill/PoJi.png,,308,
1192,坚守,受到伤害类技能攻击时，自身防御力提升%.1f%%。,1=15=1.5,20,8=1,2=15,2=1.5,,1192,resource/icon/skill/JianShou.png,,308,
1193,伤·列,对前列敌方将领造成%.1f%%基本攻击，附加%d伤害。,1=90=2.25 2=8=8,20,50=1,16=1193,,,1193,resource/icon/skill/ShangHeng.png,,,
1194,灭骑,攻击对象为骑兵时，普通攻击提升%.1f%%。,1=15=1.5,20,4=3,1=15,1=1.5,,1194,resource/icon/skill/MieQi.png,,,
1195,命中,提高命中%d。,1=80=8,20,1=1,8=80,8=8,,1195,resource/icon/skill/MingZhong.png,,307,
1196,冰冻·列,使前列敌方将领冰冻（技能等级越高成功率越高），持续%.1f秒。,1=2.5=0.125,20,50=1,16=1196,,,1196,resource/icon/skill/FrozenHeng.png,,,
1197,反步,攻击方为步兵时，减免%.1f%%的普通伤害。,1=15=1.5,20,2=1,12=15,12=1.5,,1197,resource/icon/skill/KeBu.png,,,
1198,破击,提高破击（破格挡能力）%d。,1=80=8,20,1=1,10=80,10=8,,1198,resource/icon/skill/PoJi.png,,308,
1199,暗箭难防,发射一支魔法箭攻击最后方敌人，造成%.1f%%的伤害，且机率使其晕眩，持续2秒。,1=120=2,20,50=1,16=1199,,,1199,resource/icon/skill/155.png,,,
1200,沉寂术,沉默敌方后排武将，持续%.1f秒。,1=3=0.15,20,50=1,16=1200,,,1200,resource/icon/skill/156.png,,,
1201,鼓舞,提升己方全体武将%.1f%%的攻击，持续3秒。,1=20=1,20,50=1,16=1201,,,1201,resource/icon/skill/157.png,,,
1202,伤·列,对前列敌方将领造成%.1f%%基本攻击，附加%d伤害。,1=90=2.25 2=8=8,20,50=1,16=1202,,,1202,resource/icon/skill/ShangHeng.png,,,
1203,恩泽,自身生命总量提升%.1f%%,1=6=0.6,20,1=1,3=6,3=0.6,,1203,resource/icon/skill/EnZe.png,,308,
1204,反魏,攻击方为魏国阵营时，减免%.1f%%的普通伤害。,1=15=1.5,20,3=2,12=15,12=1.5,,1204,resource/icon/skill/KeWei.png,,,
1205,藤甲,让自身获得一个防御状态，提升防御%.1f%%，持续8秒,1=20=2,20,50=1,16=1205,,,1205,resource/icon/skill/57.png,,,
1206,饮血,对前排造成%.1f%%的伤害，并有吸血效果。,1=85=2,20,50=1,16=1206,,,1206,resource/icon/skill/44.png,,,
1207,生命强化,提升自身的生命值%.1f%%。,1=8=0.8,20,1=1,3=8,3=0.8,,1207,resource/icon/skill/81.png,,,
1208,血洗河山,对敌方前方武将造成每回合%.1f%%攻击的伤害，持续4回合。,1=23.2=0.56,20,50=1,16=1208,,,1208,resource/icon/skill/149.png,,,
1209,三板斧,对敌方前排武将造成%.1f%%的伤害。,1=85=2.05,20,50=1,16=1209,,,1209,resource/icon/skill/150.png,,,
1210,不动如山,强化自身，提升自身防御%.1f%%。,1=15=1.5,20,1=1,2=15,2=1.5,,1210,resource/icon/skill/57.png,,308,
1211,破甲一击,对敌方前方武将造成%.1f%%的伤害，且降低对方25%%的防御，持续5秒。,1=120=2,20,50=1,16=1211,,,1211,resource/icon/skill/142.png,,342,
1212,冲突,对敌方前排武将造成%.1f%%的伤害。,1=85=2.05,20,50=1,16=1212,,,1212,resource/icon/skill/143.png,,,
1213,吸血天赋,每次攻击均增加%.1f%%吸血效果。,1=5=0.5,20,27=1,28=5,28=0.5,,1213,resource/icon/skill/144.png,resource/ui_rc/battle/effect/skill_12.png,307,
1214,挡我者晕,使敌方后排武将晕眩（技能等级越高成功率越高），持续%.1f秒。,1=2.5=0.125,20,50=1,16=1214,3=1,,1214,resource/icon/skill/169.png,,,
1215,坚不可摧,提升自身的生命值%.1f%%。,1=10=1,20,1=1,3=10,,,1215,resource/icon/skill/81.png,,308,
1216,混元一体,自身成功格挡后，吸收%.1f%%本次伤害转为自身生命。,1=20=1,20,17=1,25=20,25=1,,1216,resource/icon/skill/170.png,,308,
1217,混元一体,自身成功格挡后，吸收%.1f%%本次伤害转为自身生命。,1=20=1,20,17=1,25=20,,,1216,resource/icon/skill/170.png,,308,
1218,格挡,提高格挡%d。,1=80=8,20,1=1,9=80,9=8,,1218,resource/icon/skill/GeDang.png,,308,
1219,坚守,受到伤害类技能攻击时，自身防御力提升%.1f%%。,1=15=1.5,20,8=1,2=15,2=1.5,,1219,resource/icon/skill/JianShou.png,,308,
1220,伤·排,对前排敌方将领造成%.1f%%基本攻击，附加%d伤害。,1=85=2.05 2=8=8,20,50=1,16=1220,,,1220,resource/icon/skill/ShangShu.png,,,
1221,格挡,提高格挡%d。,1=80=8,20,1=1,9=80,9=8,,1221,resource/icon/skill/GeDang.png,,308,
1222,暴击,提高暴击%d。,1=100=10,20,1=1,4=100,4=10,,1222,resource/icon/skill/BaoJi.png,,307,
1223,燕歌行,对前列敌方武将造成%.1f%%的伤害。,1=90=2.25,20,50=1,16=1223,,,1223,resource/icon/skill/65.png,,,
1224,沉默,对随机一个敌方武将造成沉默效果，持续%.1f秒，该状态下不可释放技能。,1=3=0.15,20,50=1,16=1224,,,1224,resource/icon/skill/28.png,,,
1225,韧性强化,提升自身韧性值%d。,1=180=18,20,1=1,6=180,6=18,,1225,resource/icon/skill/66.png,,307,
1226,晕眩·列,使前列敌方将领晕眩（技能等级越高成功率越高），持续%.1f秒。,1=2.5=0.125,20,50=1,16=1226,,,1226,resource/icon/skill/YunHeng.png,,,
1227,韧性,提高韧性（抗暴击能力）%d。,1=120=12,20,1=1,5=120,5=12,,1227,resource/icon/skill/RenXing.png,,307,
1228,甘露,受到回复技能时，回复效果提升%.1f%%。,1=20=2,20,9=1,15=20,15=2,,1228,resource/icon/skill/GanLu.png,,,
1229,伤·列,对前列敌方将领造成%.1f%%基本攻击，附加%d伤害。,1=90=2.25 2=8=8,20,50=1,16=1229,,,1229,resource/icon/skill/ShangHeng.png,,,
1230,免疫,免疫所有虚弱状态（攻击削弱，防御削弱）。,0,20,10=1,13=1,,,1230,resource/icon/skill/MianYi.png,,,
1231,命中,提高命中%d。,1=80=8,20,1=1,8=80,8=8,,1231,resource/icon/skill/MingZhong.png,,307,
1232,撕裂,对前排敌方武将造成%.1f%%的伤害，若对方处于流血状态，伤害提升25%%。,1=85=2.05,20,50=1,16=1232,,,1232,resource/icon/skill/108.png,,,
1233,挥击,对前排敌方武将造成%.1f%%的伤害，且机率使其流血，持续3秒。,1=60=1.45,20,50=1,16=1233,,,1233,resource/icon/skill/44.png,,308,
1234,击晕,对前排敌方武将造成%.1f%%的伤害，若敌方处于流血状态，晕眩1.5秒。,1=80=1.94,20,50=1,16=1234,,,1234,resource/icon/skill/109.png,,308,
1235,伤·列,对前列敌方将领造成%.1f%%基本攻击，附加%d伤害。,1=90=2.25 2=8=8,20,50=1,16=1235,,,1235,resource/icon/skill/ShangHeng.png,,,
1236,不屈,HP低于50%%时，闪避提升%d。,1=100=10,20,12=50,7=100,7=10,,1236,resource/icon/skill/BuQu.png,,,
1237,恩泽,自身生命总量提升%.1f%%,1=6=0.6,20,1=1,3=6,3=0.6,,1237,resource/icon/skill/EnZe.png,,308,
1238,骑兵之魂,提升己方骑兵武将%d的攻击力，其他职业武将%d的攻击力，持续5秒。,1=16=0.8 2=8=0.4,20,50=1,16=1238,,,1238,resource/icon/skill/92.png,,,
1239,螺旋枪,给予枪身螺旋之力，对前排敌方武将造成%.1f%%的伤害。,1=85=2.05,20,50=1,16=1239,,,1239,resource/icon/skill/160.png,,,
1240,攻击强化,提升自身攻击%.1f%%。,1=5=0.5,20,1=1,1=5,1=0.5,,1240,resource/icon/skill/14.png,,307,
1241,缓速·排,使前排敌方将领缓速（技能等级越高成功率越高），持续%.1f秒。,1=5=0.25,20,50=1,16=1241,,,1241,resource/icon/skill/ManShu.png,,,
1242,格挡,提高格挡%d。,1=80=8,20,1=1,9=80,9=8,,1242,resource/icon/skill/GeDang.png,,308,
1243,恩泽,自身生命总量提升%.1f%%,1=6=0.6,20,1=1,3=6,3=0.6,,1243,resource/icon/skill/EnZe.png,,308,
1244,围杀,对前方敌方武将造成%.1f%%的伤害，且使其此时无法攻击和移动。,1=120=2.9,20,50=1,16=1244,,,1244,resource/icon/skill/38.png,,,
1245,乌巢之怒,对前方一列武将造成%.1f%%的伤害。,1=88=2.13,20,50=1,16=1245,,,1245,resource/icon/skill/10.png,,,
1246,联军盟主,鼓舞士气，为己方提升怒气值%d。,1=200=15,20,50=1,16=1246,,,1246,resource/icon/skill/11.png,,307,
1247,伤·全,对全体敌方将领造成%.1f%%基本攻击，附加%d伤害。,1=38=0.9 2=5=5,20,50=1,16=1247,,,1247,resource/icon/skill/ShangAll.png,,,
1248,命中,提高命中%d。,1=80=8,20,1=1,8=80,8=8,,1248,resource/icon/skill/MingZhong.png,,307,
1249,强攻,发动伤害类技能时，自身攻击力提升%.1f%%。,1=10=1,20,7=1,1=10,1=1,,1249,resource/icon/skill/QiangGong.png,,307,
1250,伤·列,对前列敌方将领造成%.1f%%基本攻击，附加%d伤害。,1=90=2.25 2=8=8,20,50=1,16=1250,,,1250,resource/icon/skill/ShangHeng.png,,,
1251,暴伤,提高暴击伤害%.1f%%。,1=18=1.8,20,1=1,6=18,6=1.8,,1251,resource/icon/skill/BaoShang.png,,307,
1252,闪避,提高闪避%d。,1=60=6,20,1=1,7=60,7=6,,1252,resource/icon/skill/ShanBi.png,,,
1253,回复·全,对全体己方将领回复%.1f%%基本攻击，附加%d的生命。,1=42=1 2=5=5,20,50=1,16=1253,,,1253,resource/icon/skill/ShangHeng.png,,,
1254,恩泽,自身生命总量提升%.1f%%,1=6=0.6,20,1=1,3=6,3=0.6,,1254,resource/icon/skill/EnZe.png,,308,
1255,恩泽,自身生命总量提升%.1f%%,1=6=0.6,20,1=1,3=6,3=0.6,,1255,resource/icon/skill/EnZe.png,,308,
1256,伤·全,对全体敌方将领造成%.1f%%基本攻击，附加%d伤害。,1=38=0.9 2=5=5,20,50=1,16=1256,,,1256,resource/icon/skill/ShangAll.png,,,
1257,韧性,提高韧性（抗暴击能力%d。,1=120=12,20,1=1,5=120,5=12,,1257,resource/icon/skill/RenXing.png,,307,
1258,抵抗,提高抵抗%d，抵抗越高，抵抗晕眩，冰冻，缓速的能力越强。,1=120=12,20,1=1,11=120,11=12,,1258,resource/icon/skill/ShangShu.png,,,
1259,天谴,召唤黄巾符100%%禁锢敌方随机一个武将，持续%.1f秒。,1=1.5=0.075,20,50=1,16=1259,,,1259,resource/icon/skill/162.png,,,
1260,天劫,引发龙卷风袭击敌方后排武将，造成%.1f%%的伤害。,1=96=2.5,20,50=1,16=1260,,,1260,resource/icon/skill/163.png,,,
1261,垂死,死亡后开启亡灵状态，该状态可继续攻击，持续%.1f秒。,1=2=0.1,20,25=1,29=2,29=0.1,,1261,resource/icon/skill/164.png,resource/ui_rc/battle/effect/skill_13.png,,
1262,乘烟,对敌方最后方武将造成%.1f%%的伤害，并机率使其晕眩，持续3秒。,1=132=3.2,20,50=1,16=1262,,,1262,resource/icon/skill/89.png,,,
1263,祈福,使己方全体每回合回复%.1f%%攻击的生命，持续4回合。,1=10=0.24,20,50=1,16=1263,,,1263,resource/icon/skill/91.png,,,
1264,医术专精,治疗效果提升%.1f%%。,1=11=1.1,20,23=1,27=11,27=1.1,,1264,resource/icon/skill/8.png,resource/ui_rc/battle/effect/skill_yishu.png,,
1265,点燃,点燃前方敌方，对敌方前2排武将造成%.1f%%的伤害,1=52=1.3,20,50=1,16=1265,,,1265,resource/icon/skill/62.png,,,
1266,怒火,以怒气激发自身潜力，提升自身%.1f%%的攻击，持续5秒,1=16=0.8,20,50=1,16=1266,,,1266,resource/icon/skill/58.png,,307,
1267,爆破,%.1f%%的概率使引爆，点燃次数+1,1=18=0.9,20,80=1,32=18,32=0.9,,1267,resource/icon/skill/42.png,,308,
1268,陷阵技,对敌方前2排武将释放陷阵技，机率使对方缓速%.1f秒（成功率与技能等级有关）。,1=5=0.25,20,50=1,16=1268,,,1268,resource/icon/skill/48.png,,,
1269,孤军奋战,高顺天赋技能，每当己方死亡一个武将，提升%.1f%%的攻击。,1=16=1,20,28=1,1=16,1=1,1,1269,resource/icon/skill/149.png,resource/ui_rc/battle/effect/skill_14.png,308,
1270,不屈,血量低于50%%时，闪避提升%d。,1=100=10,20,12=50,7=100,7=10,,1270,resource/icon/skill/157.png,resource/ui_rc/battle/effect/skill_15.png,307,
1271,重击,对前排敌人发动猛烈的攻击，造成%.1f%%的伤害，且概率使其眩晕1秒。,1=80=1.96,20,50=1,16=1271,,,1271,resource/icon/skill/17.png,,,
1272,厚甲,装备厚甲，提升自身%.1f%%的防御力。,1=12=1.2,20,1=1,2=12,2=1.2,,1272,resource/icon/skill/66.png,,307,
1273,威吓,在酒池肉林技能使用中，反弹%.1f%%所受的伤害给予攻击者。,1=40=4,20,31=1,36=40,36=4,,1273,resource/icon/skill/60.png,,341,
1274,智女,对前列敌方将领造成%.1f%%基本攻击，附加%d伤害。,1=90=2.25 2=8=8,20,50=1,16=1274,,,1274,resource/icon/skill/46.png,,,
1275,名门,受到伤害类技能攻击时，自身防御力提升%.1f%%。,1=15=1.5,20,8=1,2=15,2=1.5,,1275,resource/icon/skill/29.png,,308,
1276,后为大贵,使全体敌方将领缓速（技能等级越高成功率越高），持续%.1f秒。,1=5=0.25,20,50=1,16=1276,,,1276,resource/icon/skill/10.png,,,
1277,反魏,攻击方为魏国阵营时，减免%.1f%%的普通伤害。,1=15=1.5,20,3=2,12=15,12=1.5,,1277,resource/icon/skill/KeWei.png,,,
1278,狮子吼,使前列敌方将领晕眩（技能等级越高成功率越高），持续%.1f秒。,1=2.5=0.125,20,50=1,16=1278,,,1278,resource/icon/skill/18.png,,,
1279,甘露,受到回复技能时，回复效果提升%.1f%%。,1=20=2,20,9=1,15=20,15=2,,1279,resource/icon/skill/GanLu.png,,,
1280,歌舞,对全体敌方将领造成%.1f%%基本攻击，附加%d伤害。,1=38=0.9 2=5=5,20,50=1,16=1280,,,1280,resource/icon/skill/26.png,,,
1281,破击,提高破击（破格挡能力）%d。,1=80=8,20,1=1,10=80,10=8,,1281,resource/icon/skill/PoJi.png,,308,
1282,好为将,使前列敌方将领晕眩（技能等级越高成功率越高），持续%.1f秒。,1=2.5=0.125,20,50=1,16=1282,,,1282,resource/icon/skill/11.png,,,
1283,暴击,提高暴击%d。,1=100=10,20,1=1,4=100,4=10,,1283,resource/icon/skill/BaoJi.png,,307,
1284,伏波之后,使前列敌方将领晕眩（技能等级越高成功率越高），持续%.1f秒。,1=2.5=0.125,20,50=1,16=1284,,,1284,resource/icon/skill/4.png,,,
1285,反群,攻击方为群雄阵营时，减免%.1f%%的普通伤害。,1=15=1.5,20,3=1,12=15,12=1.5,,1285,resource/icon/skill/KeQun.png,,,
1286,劫掠,使全体敌方将领缓速（技能等级越高成功率越高），持续%.1f秒。,1=5=0.25,20,50=1,16=1286,,,1286,resource/icon/skill/4.png,,,
1287,破击,提高破击（破格挡能力）%d。,1=80=8,20,1=1,10=80,10=8,,1287,resource/icon/skill/PoJi.png,,308,
1288,令士,对前排敌方将领造成%.1f%%基本攻击，附加%d伤害。,1=85=2.05 2=8=8,20,50=1,16=1288,,,1288,resource/icon/skill/4.png,,,
1289,闪避,提高闪避%d。,1=60=6,20,1=1,7=60,7=6,,1289,resource/icon/skill/5.png,,,
1290,用兵,对前排敌方将领造成%.1f%%基本攻击，但命中较低。,1=118=2.86,20,50=1,16=1290,,,1290,resource/icon/skill/48.png,,,
1291,命中,提高命中%d。,1=80=8,20,1=1,8=80,8=8,,1291,resource/icon/skill/MingZhong.png,,307,
1292,侠义,使前列敌方将领冰冻（技能等级越高成功率越高），持续%.1f秒。,1=2.5=0.125,20,50=1,16=1292,,,1292,resource/icon/skill/TieBi.png,,,
1293,闪避,提高闪避%d。,1=60=6,20,1=1,7=60,7=6,,1293,resource/icon/skill/ShanBi.png,,,
1294,爆发,对前列敌方将领造成%.1f%%基本攻击，且附带80%%的爆伤。,1=90=2.25,20,50=1,16=1294,,,1294,resource/icon/skill/18.png,,,
1295,猛攻,自身攻击提升提升%.1f%%。,1=5=0.5,20,1=1,1=5,1=0.5,,1295,resource/icon/skill/MengGong.png,,307,
1296,效力,对前排敌方将领造成%.1f%%基本攻击，附加%d伤害。,1=85=2.05 2=8=8,20,50=1,16=1296,,,1296,resource/icon/skill/95.png,,,
1297,铁壁,自身防御提升%.1f%%。,1=12=1.2,20,1=1,2=12,2=1.2,,1297,resource/icon/skill/TieBi.png,,308,
1298,卫主,对2前排敌方将领造成%.1f%%基本攻击，附加%d伤害。,1=52=1.3 2=6=6,20,50=1,16=1298,,,1298,resource/icon/skill/82.png,,,
1299,铁壁,自身防御提升%.1f%%。,1=12=1.2,20,1=1,2=12,2=1.2,,1299,resource/icon/skill/21.png,,308,
1300,雄气,对前排敌方将领造成%.1f%%基本攻击，附加%d伤害。,1=85=2.05 2=8=8,20,50=1,16=1300,,,1300,resource/icon/skill/19.png,,,
1301,坚守,受到伤害类技能攻击时，自身防御力提升%.1f%%。,1=15=1.5,20,8=1,2=15,2=1.5,,1301,resource/icon/skill/JianShou.png,,308,
1302,破羌胡,对前列敌方将领造成%.1f%%基本攻击，附加%d伤害。,1=90=2.25 2=8=8,20,50=1,16=1302,,,1302,resource/icon/skill/4.png,,,
1303,御蜀,攻击对象为蜀国阵营时，普通攻击提升%.1f%%。,1=15=1.5,20,5=3,1=15,1=1.5,,1303,resource/icon/skill/MieShu.png,,,
1304,追击,对前列敌方将领造成%.1f%%基本攻击，附加%d伤害。,1=90=2.25 2=8=8,20,50=1,16=1304,,,1304,resource/icon/skill/35.png,,,
1305,攻速专精,提升攻击速度%.1f%%，持续5秒。,1=30=3,20,50=1,16=1305,,,1305,resource/icon/skill/ShanBi.png,,,
1306,迎战,对前排敌方将领造成%.1f%%基本攻击，附加%d伤害。,1=85=2.05 2=8=8,20,50=1,16=1306,,,1306,resource/icon/skill/40.png,,,
1307,猛攻,自身攻击提升提升%.1f%%。,1=5=0.5,20,1=1,1=5,1=0.5,,1307,resource/icon/skill/MengGong.png,,307,
1308,叱敌,对前排敌方将领造成%.1f%%基本攻击，附加%d伤害。,1=85=2.05 2=8=8,20,50=1,16=1308,,,1308,resource/icon/skill/50.png,,,
1309,猛攻,对前2排敌方将领造成%.1f%%基本攻击，附加%d伤害。,1=52=1.3 2=6=6,20,50=1,16=1309,,,1309,resource/icon/skill/MengGong.png,,,
1310,啸聚山林,使全体敌方将领缓速（技能等级越高成功率越高），持续%.1f秒。,1=5=0.25,20,50=1,16=1310,,,1310,resource/icon/skill/84.png,,,
1311,强攻,发动伤害类技能时，自身攻击力提升%.1f%%。,1=10=1,20,7=1,1=10,1=1,,1311,resource/icon/skill/QiangGong.png,,307,
1312,白耳之威,降低全体敌方将领攻击%.1f%%，持续5秒。,1=6=0.6,20,50=1,16=1312,,,1312,resource/icon/skill/57.png,,342,
1313,韧性,提高韧性（抗暴击能力）%d。,1=120=12,20,1=1,5=120,5=12,,1313,resource/icon/skill/RenXing.png,,307,
1314,死战,对前排敌方将领造成%.1f%%基本攻击，且附带%d的暴击。,1=80=2 2=200=0,20,50=1,16=1314,,,1314,resource/icon/skill/92.png,,307,
1315,竭忠,降低自身部分防御，提升%d%%自身攻击，持续5秒。,1=40=2,20,50=1,16=1315,,,1315,resource/icon/skill/MengGong.png,,307,
1316,击杀,对前列敌方将领造成%.1f%%基本攻击，附加%d伤害。,1=90=2.25 2=8=8,20,50=1,16=1316,,,1316,resource/icon/skill/92.png,,,
1317,猛攻,自身攻击提升提升%.1f%%。,1=5=0.5,20,1=1,1=5,1=0.5,,1317,resource/icon/skill/MengGong.png,,307,
1318,勇决,使攻击最高敌方将领缓速（技能等级越高成功率越高），持续%.1f秒。,1=5=0.25,20,50=1,16=1318,,,1318,resource/icon/skill/93.png,,,
1319,不屈,HP低于50%%时，闪避提升%d。,1=100=10,20,12=50,7=100,7=10,,1319,resource/icon/skill/92.png,,,
1320,捷对,使攻击最高敌方将领冰冻（技能等级越高成功率越高），持续%.1f秒。,1=2.5=0.125,20,50=1,16=1320,,,1320,resource/icon/skill/13.png,,,
1321,命中,提高命中%d。,1=80=8,20,1=1,8=80,8=8,,1321,resource/icon/skill/MingZhong.png,,307,
1322,刚直,使攻击最高敌方将领进入晕眩状态（技能等级越高成功率越高），持续%.1f秒。,1=2.5=0.125,20,50=1,16=1322,,,1322,resource/icon/skill/49.png,,,
1323,恩泽,自身生命总量提升%.1f%%,1=6=0.6,20,1=1,3=6,3=0.6,,1323,resource/icon/skill/EnZe.png,,308,
1324,恃才,使攻击最高敌方将领冰冻（技能等级越高成功率越高），持续%.1f秒。,1=2.5=0.125,20,50=1,16=1324,,,1324,resource/icon/skill/64.png,,,
1325,命中,提高命中%d。,1=80=8,20,1=1,8=80,8=8,,1325,resource/icon/skill/MingZhong.png,,307,
1326,作茧,对全体己方将领回复%.1f%%基本攻击，附加%d的生命。,1=42=1 2=5=5,20,50=1,16=1326,,,1326,resource/icon/skill/78.png,,,
1327,反魏,攻击方为魏国阵营时，减免%.1f%%的普通伤害。,1=15=1.5,20,3=2,12=15,12=1.5,,1327,resource/icon/skill/KeWei.png,,,
1328,秀色,使前列敌方将领冰冻（技能等级越高成功率越高），持续%.1f秒。,1=2.5=0.125,20,50=1,16=1328,,,1328,resource/icon/skill/28.png,,,
1329,倾国,攻击对象为男性时，普通攻击提升%.1f%%。,1=12=1.2,20,11=0,1=12,1=1.2,,1329,resource/icon/skill/93.png,,,
1330,美色,对全体己方将领回复%.1f%%基本攻击，附加%d的生命。,1=42=1 2=5=5,20,50=1,16=1330,,,1330,resource/icon/skill/28.png,,,
1331,甘露,受到回复技能时，回复效果提升%.1f%%。,1=20=2,20,9=1,15=20,15=2,,1331,resource/icon/skill/GanLu.png,,,
1332,毒妇,对前列敌方将领造成%.1f%%基本攻击，附加%d伤害。,1=90=2.25 2=8=8,20,50=1,16=1332,,,1332,resource/icon/skill/94.png,,,
1333,反群,攻击方为群雄阵营时，减免%.1f%%的普通伤害。,1=15=1.5,20,3=1,12=15,12=1.5,,1333,resource/icon/skill/KeQun.png,,,
1334,数落,对全体敌方将领造成%.1f%%基本攻击，附加%d伤害。,1=38=0.9 2=5=5,20,50=1,16=1334,,,1334,resource/icon/skill/10.png,,,
1335,恩泽,自身生命总量提升%.1f%%,1=6=0.6,20,1=1,3=6,3=0.6,,1335,resource/icon/skill/EnZe.png,,308,
1336,周旋,对全体敌方将领造成%.1f%%基本攻击，附加%d伤害。,1=38=0.9 2=5=5,20,50=1,16=1336,,,1336,resource/icon/skill/101.png,,,
1337,甘露,受到回复技能时，回复效果提升%.1f%%。,1=20=2,20,9=1,15=20,15=2,,1337,resource/icon/skill/GanLu.png,,,
1338,儒雅,对前列敌方将领造成%.1f%%基本攻击，附加%d伤害。,1=90=2.25 2=8=8,20,50=1,16=1338,,,1338,resource/icon/skill/72.png,,,
1339,强攻,发动伤害类技能时，自身攻击力提升%.1f%%。,1=10=1,20,7=1,1=10,1=1,,1339,resource/icon/skill/QiangGong.png,,307,
1340,奋敌,使全体敌方将领缓速（技能等级越高成功率越高），持续%.1f秒。,1=5=0.25,20,50=1,16=1340,,,1340,resource/icon/skill/74.png,,,
1341,命中,提高命中%d。,1=80=8,20,1=1,8=80,8=8,,1341,resource/icon/skill/MingZhong.png,,307,
1342,濡须奋战,对前列敌方将领造成%.1f%%基本攻击，附加%d伤害。,1=90=2.25 2=8=8,20,50=1,16=1342,,,1342,resource/icon/skill/50.png,,,
1343,命中,提高命中%d。,1=80=8,20,1=1,8=80,8=8,,1343,resource/icon/skill/MingZhong.png,,307,
1344,短兵,对前排敌方将领造成%.1f%%基本攻击，附加%d伤害。,1=85=2.05 2=8=8,20,50=1,16=1344,,,1344,resource/icon/skill/7.png,,,
1345,猛攻,自身攻击提升提升%.1f%%。,1=5=0.5,20,1=1,1=5,1=0.5,,1345,resource/icon/skill/MengGong.png,,307,
1346,破敌,对前列敌方将领造成%.1f%%基本攻击，附加%d伤害。,1=90=2.25 2=8=8,20,50=1,16=1346,,,1346,resource/icon/skill/43.png,,,
1347,韧性,提高韧性（抗暴击能力%d。,1=120=12,20,1=1,5=120,5=12,,1347,resource/icon/skill/RenXing.png,,307,
1348,饮血,对敌方武将造成%.1f%%攻击的伤害，且附带吸血效果。,1=132=3.2,20,50=1,16=1348,,,1348,resource/icon/skill/44.png,,,
1349,猛攻,自身攻击提升提升%.1f%%。,1=5=0.5,20,1=1,1=5,1=0.5,,1349,resource/icon/skill/MengGong.png,,307,
1350,母仪,对全体己方将领回复%.1f%%基本攻击，附加%d的生命。,1=36=0.87 2=5=5,20,50=1,16=1350,,,1350,resource/icon/skill/77.png,,,
1351,恩泽,自身生命总量提升%.1f%%,1=6=0.6,20,1=1,3=6,3=0.6,,1351,resource/icon/skill/EnZe.png,,308,
1352,名门,对前列敌方将领造成%.1f%%基本攻击，附加%d伤害。,1=90=2.25 2=8=8,20,50=1,16=1352,,,1352,resource/icon/skill/53.png,,,
1353,破击,提高破击（破格挡能力）%d。,1=80=8,20,1=1,10=80,10=8,,1353,resource/icon/skill/PoJi.png,,308,
1354,器度,对全体敌方将领造成%.1f%%基本攻击，附加%d伤害。,1=38=0.9 2=5=5,20,50=1,16=1354,,,1354,resource/icon/skill/94.png,,,
1355,韧性,提高韧性（抗暴击能力）%d。,1=120=12,20,1=1,5=120,5=12,,1355,resource/icon/skill/RenXing.png,,307,
1356,寡居,使攻击最高敌方将领缓速（技能等级越高成功率越高），持续%.1f秒。,1=5=0.25,20,50=1,16=1356,,,1356,resource/icon/skill/10.png,,,
1357,韧性,提高韧性（抗暴击能力%d。,1=120=12,20,1=1,5=120,5=12,,1357,resource/icon/skill/RenXing.png,,307,
1358,谦和,对全体己方将领回复%.1f%%基本攻击，附加%d的生命。,1=42=1 2=5=5,20,50=1,16=1358,,,1358,resource/icon/skill/2.png,,,
1359,恩泽,自身生命总量提升%.1f%%,1=6=0.6,20,1=1,3=6,3=0.6,,1359,resource/icon/skill/EnZe.png,,308,
1360,明断,使前排敌方将领晕眩（技能等级越高成功率越高），持续%.1f秒。,1=2.5=0.125,20,50=1,16=1360,,,1360,resource/icon/skill/69.png,,,
1361,坚守,受到伤害类技能攻击时，自身防御力提升%.1f%%。,1=15=1.5,20,8=1,2=15,2=1.5,,1361,resource/icon/skill/JianShou.png,,308,
1362,无忧,使全体敌方将领晕眩（技能等级越高成功率越高），持续%.1f秒。,1=2.5=0.125,20,50=1,16=1362,,,1362,resource/icon/skill/63.png,,,
1363,甘露,受到回复技能时，回复效果提升%.1f%%。,1=20=2,20,9=1,15=20,15=2,,1363,resource/icon/skill/GanLu.png,,,
1364,奉公,使前排敌方将领冰冻（技能等级越高成功率越高），持续%.1f秒。,1=2.5=0.125,20,50=1,16=1364,,,1364,resource/icon/skill/67.png,,,
1365,攻速,提升%.1f%%的攻速。,1=8=0.8,20,1=1,26=8,26=0.8,,1365,resource/icon/skill/MingZhong.png,,,
1366,戮力,提升全体己方将领攻击%.1f%%，持续5秒。,1=6=0.6,20,50=1,16=1366,,,1366,resource/icon/skill/104.png,,,
1367,强攻,发动伤害类技能时，自身攻击力提升%.1f%%。,1=10=1,20,7=1,1=10,1=1,,1367,resource/icon/skill/QiangGong.png,,307,
1368,反魏,攻击方为魏国阵营时，减免%.1f%%的普通伤害。,1=15=1.5,20,3=2,12=15,12=1.5,,1368,resource/icon/skill/TieBi.png,,,
1369,归蜀,攻击方为蜀国阵营时，减免%.1f%%的普通伤害。,1=15=1.5,20,3=3,12=15,12=1.5,,1369,resource/icon/skill/KeShu.png,,,
1370,随从,对前列敌方将领造成%.1f%%基本攻击，附加%d伤害。,1=90=2.25 2=8=8,20,50=1,16=1370,,,1370,resource/icon/skill/3.png,,,
1371,周旋,发动伤害类技能时，自身攻击力提升%.1f%%。,1=10=1,20,7=1,1=10,1=1,,1371,resource/icon/skill/QiangGong.png,,307,
1372,夜梦一牛,对前排敌方将领造成%.1f%%基本攻击，附加%d伤害。,1=85=2.05 2=8=8,20,50=1,16=1372,,,1372,resource/icon/skill/64.png,,,
1373,壮志,提高格挡%d。,1=80=8,20,1=1,9=80,9=8,,1373,resource/icon/skill/GeDang.png,,308,
1374,野心,对前列敌方将领造成%.1f%%基本攻击，且附带吸血效果。,1=90=2.25,20,50=1,16=1374,,,1374,resource/icon/skill/64.png,,,
1375,灭蜀,攻击对象为蜀国阵营时，普通攻击提升%.1f%%。,1=15=1.5,20,5=3,1=15,1=1.5,,1375,resource/icon/skill/MieShu.png,,,
1376,先锋,对全体敌方将领造成%.1f%%基本攻击，附加%d伤害。,1=38=0.9 2=5=5,20,50=1,16=1376,,,1376,resource/icon/skill/5.png,,,
1377,果烈,自身攻击提升提升%.1f%%。,1=5=0.5,20,1=1,1=5,1=0.5,,1377,resource/icon/skill/4.png,,307,
1378,清正,使前排敌方将领晕眩（技能等级越高成功率越高），持续%.1f秒。,1=2.5=0.125,20,50=1,16=1378,,,1378,resource/icon/skill/80.png,,,
1379,上止战疏,提高闪避%d。,1=60=6,20,1=1,7=60,7=6,,1379,resource/icon/skill/78.png,,,
1380,勤王,对前排敌方将领造成%.1f%%基本攻击，附加%d伤害。,1=85=2.05 2=8=8,20,50=1,16=1380,,,1380,resource/icon/skill/39.png,,,
1381,不合,自身格挡提升%d。,1=100=10,20,1=1,1=100,1=10,,1381,resource/icon/skill/22.png,,308,
1382,反攻,使全体敌方将领缓速（技能等级越高成功率越高），持续%.1f秒。,1=5=0.25,20,50=1,16=1382,,,1382,resource/icon/skill/68.png,,,
1383,韧性,提高韧性（抗暴击能力%d。,1=120=12,20,1=1,5=120,5=6,,1383,resource/icon/skill/RenXing.png,,307,
1384,忠诚,对全体敌方将领造成%.1f%%基本攻击，附加%d伤害。,1=38=0.9 2=5=5,20,50=1,16=1384,,,1384,resource/icon/skill/95.png,,,
1385,持重,自身攻击提升提升%.1f%%。,1=5=0.5,20,1=1,1=5,1=0.5,,1385,resource/icon/skill/71.png,,307,
1386,豪族,对前列敌方将领造成%.1f%%基本攻击，附加%d伤害。,1=90=2.25 2=8=8,20,50=1,16=1386,,,1386,resource/icon/skill/60.png,,,
1387,闪避,提高闪避%d。,1=60=6,20,1=1,7=60,1=6,,1387,resource/icon/skill/ShanBi.png,,,
1388,万世之法,降低全体敌方将领防御%.1f%%，持续5秒。,1=10=1,20,50=1,16=1388,,,1388,resource/icon/skill/1.png,,342,
1389,屯田,提高自身生命值%.1f%%。,1=8=0.8,20,1=1,3=8,3=0.8,,1389,resource/icon/skill/2.png,,308,
1390,南蛮,对攻击最高的敌方将领造成%.1f%%基本攻击，附加%d伤害。,1=132=3.2 2=12=12,20,50=1,16=1390,,,1390,resource/icon/skill/18.png,,,
1391,情愫,受到回复技能时，回复效果提升%.1f%%。,1=20=2,20,9=1,15=20,15=2,,1391,resource/icon/skill/22.png,,,
1392,疾驰,使全体敌方将领冰冻（技能等级越高成功率越高），持续%.1f秒。,1=2.5=0.125,20,50=1,16=1392,,,1392,resource/icon/skill/84.png,,,
1393,隐藏,提高暴击%d。,1=100=10,20,1=1,4=100,4=10,,1393,resource/icon/skill/88.png,,307,
1394,疾风,降低全体敌方将领攻击%.1f%%，持续5秒。,1=6=0.6,20,50=1,16=1394,,,1394,resource/icon/skill/106.png,,342,
1395,免疫,免疫所有虚弱状态（攻击削弱，防御削弱）。,0,1,10=1,13=1,,,1395,resource/icon/skill/MianYi.png,,,
1396,无私,对全体己方将领回复%.1f%%基本攻击，附加%d的生命。,1=42=1 2=5=5,20,50=1,16=1396,,,1396,resource/icon/skill/ShangHeng.png,,,
1397,密重,提高抵抗%d，抵抗越高，抵抗晕眩，冰冻，缓速的能力越强。,1=120=12,20,1=1,11=120,11=12,,1397,resource/icon/skill/ShangHeng.png,,,
1398,直方敢谏,对全体敌方将领造成%.1f%%基本攻击，附加%d伤害。,1=38=0.9 2=5=5,20,50=1,16=1398,,,1398,resource/icon/skill/ShangAll.png,,,
1399,仇魏,攻击对象为魏国阵营时，普通攻击提升%.1f%%。,1=15=1.5,20,5=2,1=15,1=1.5,,1399,resource/icon/skill/KeWei.png,,,
1400,智勇,对全体敌方将领造成%.1f%%基本攻击，附加%d伤害。,1=38=0.9 2=5=5,20,50=1,16=1400,,,1400,resource/icon/skill/ShangAll.png,,,
1401,度势,释放必杀技时，该武将所需士气减少1。,0,1,6=1,14=1,,,1401,resource/icon/skill/NingShen.png,,,
1402,智计,对全体敌方将领造成%.1f%%基本攻击，附加%d伤害。,1=38=0.9 2=5=5,20,50=1,16=1402,,,1402,resource/icon/skill/ShangAll.png,,,
1403,狂言,提高暴击%d。,1=100=10,20,1=1,4=100,4=10,,1403,resource/icon/skill/BaoJi.png,,307,
1404,受命,对前列敌方将领造成%.1f%%基本攻击，附加35的爆伤。,1=90=2.25,20,50=1,16=1404,,,1404,resource/icon/skill/ShangHeng.png,,,
1405,沉浮,自身暴击提升%d。,1=100=10,20,1=1,4=100,4=10,,1405,resource/icon/skill/MengGong.png,,307,
1406,勇武,对最后方敌方将领造成%.1f%%基本攻击，附加%d伤害。,1=132=3.2 2=12=12,20,50=1,16=1406,,,1406,resource/icon/skill/ShangMo.png,,,
1407,破击,提高破击（破格挡能力）%d。,1=80=8,20,1=1,10=80,10=8,,1407,resource/icon/skill/PoJi.png,,308,
1408,聚财,对全体敌方将领造成%.1f%%基本攻击，附加%d伤害。,1=38=0.9 2=5=5,20,50=1,16=1408,,,1408,resource/icon/skill/ShangAll.png,,,
1409,敦厚,自身生命总量提升%.1f%%,1=6=0.6,20,1=1,3=6,3=0.6,,1409,resource/icon/skill/EnZe.png,,308,
1410,盗书,增加%.1f%%己方攻击，并降低己方命中%d。,1=12=1.2 2=120=12,20,50=1,16=1410,,,1410,resource/icon/skill/RuoGong.png,,342,
1411,有余,降低%.1f%%敌方防御，并增加敌方闪避%d。,1=30=3 2=80=8,20,50=1,16=1411,,,1411,resource/icon/skill/ShanBi.png,,342,
1412,凶相,降低全体敌方将领攻击%.1f%%，持续5秒。,1=6=0.6,20,50=1,16=1412,,,1412,resource/icon/skill/RuoGong.png,,342,
1413,藤甲,自身防御提升%.1f%%。,1=15=1.5,20,1=1,2=15,2=1.5,,1413,resource/icon/skill/57.png,,308,
1414,心腹,每回合回复自身%.1f%%攻击的血量，持续4回合。,1=36=0.87,20,50=1,16=1414,,,1414,resource/icon/skill/ManAll.png,,,
1415,诱敌,受到伤害类技能攻击时，自身防御力提升%.1f%%。,1=20=2,20,8=1,2=20,2=2,,1415,resource/icon/skill/JianShou.png,,308,
1416,尽忠,对全体己方将领回复%.1f%%基本攻击，附加%d的生命。,1=42=1 2=5=5,20,50=1,16=1416,,,1416,resource/icon/skill/ShangHeng.png,,,
1417,坚守,受到伤害类技能攻击时，自身防御力提升%.1f%%。,1=15=1.5,20,8=1,2=15,2=1.5,,1417,resource/icon/skill/JianShou.png,,308,
1418,征战,对前排敌方将领造成%.1f%%基本攻击，附加%d伤害。,1=85=2.05 2=8=8,20,50=1,16=1418,,,1418,resource/icon/skill/ShangShu.png,,,
1419,破敌,提高命中%d。,1=80=8,20,1=1,8=80,8=8,,1419,resource/icon/skill/MingZhong.png,,307,
1420,直犯,对前列敌方将领造成%.1f%%基本攻击，容易被格挡。,1=132=3.2,20,50=1,16=1420,,,1420,resource/icon/skill/ShangHeng.png,,,
1421,持久战,受到回复技能时，回复效果提升%.1f%%。,1=20=2,20,9=1,15=20,15=2,,1421,resource/icon/skill/GanLu.png,,,
1422,达人无迹,对前列敌方将领造成%.1f%%基本攻击，附加%d伤害。,1=90=2.25 2=8=8,20,50=1,16=1422,,,1422,resource/icon/skill/ShangHeng.png,,,
1423,不降,自身生命总量提升%.1f%%,1=8=0.8,20,1=1,3=8,3=0.8,,1423,resource/icon/skill/EnZe.png,,308,
1424,坐观,对前排敌方将领造成%.1f%%基本攻击，附加%d伤害。,1=85=2.05 2=8=8,20,50=1,16=1424,,,1424,resource/icon/skill/ShangShu.png,,,
1425,刘表牛,受到伤害类技能攻击时，自身防御力提升%.1f%%。,1=20=2,20,8=1,2=20,2=2,,1425,resource/icon/skill/JianShou.png,,308,
1426,断头,降低全体敌方将领防御%.1f%%，持续5秒。,1=10=1,20,50=1,16=1426,,,1426,resource/icon/skill/RuoFang.png,,342,
1427,格挡,提高格挡%d。,1=80=8,20,1=1,9=80,9=8,,1427,resource/icon/skill/GeDang.png,,308,
1428,昏乱,对全体敌方将领造成%.1f%%基本攻击，附加%d伤害。,1=38=0.9 2=5=5,20,50=1,16=1428,,,1428,resource/icon/skill/ShangAll.png,,,
1429,忧死,自身攻击提升提升%.1f%%。,1=5=0.5,20,1=1,1=5,1=0.5,,1429,resource/icon/skill/MengGong.png,,307,
1430,悍勇,对前排敌方将领造成%.1f%%基本攻击，附加%d伤害。,1=85=2.05 2=8=8,20,50=1,16=1430,,,1430,resource/icon/skill/ShangShu.png,,,
1431,韧性,提高韧性（抗暴击能力%d。,1=120=12,20,1=1,5=120,5=12,,1431,resource/icon/skill/RenXing.png,,307,
1432,野心,对前列敌方将领造成%.1f%%基本攻击，且附带吸血效果。,1=90=2.18,20,50=1,16=1432,,,1432,resource/icon/skill/ShangHeng.png,,,
1433,破击,提高破击（破格挡能力）%d。,1=80=8,20,1=1,10=80,10=8,,1433,resource/icon/skill/PoJi.png,,308,
1434,周易,对前列敌方将领造成%.1f%%基本攻击，且附带98命中。,1=90=2.25,20,50=1,16=1434,,,1434,resource/icon/skill/ShangHeng.png,,,
1435,舌战,以对自身造成100%%攻击的伤害换取提升自身%d%%攻击。,1=60=3,20,50=1,16=1435,,,1435,resource/icon/skill/EnZe.png,,,
1436,行医,己方生命最低武将每回合回复%.1f%%攻击的血量，持续4回合。,1=24=0.58,20,50=1,16=1436,,,1436,resource/icon/skill/ShangAll.png,,,
1437,流芳,受到伤害时，机率让对方100%%受到伤害反噬。,,20,26=1,24=5,24=0.5,,1437,resource/icon/skill/BaoShang.png,,,
1438,伤·列,对前列敌方将领造成%.1f%%基本攻击，附加%d伤害。,1=90=2.25 2=8=8,20,50=1,16=1438,,,1438,resource/icon/skill/ShangHeng.png,,,
1439,伤·全,对全体敌方将领造成%.1f%%基本攻击，附加%d伤害。,1=38=0.9 2=5=5,20,50=1,16=1439,,,1439,resource/icon/skill/ShangAll.png,,,
1440,伤·列,对前列敌方将领造成%.1f%%基本攻击，附加%d伤害。,1=90=2.25 2=8=8,20,50=1,16=1440,,,1440,resource/icon/skill/ShangHeng.png,,,
1441,伤·全,对全体敌方将领造成%.1f%%基本攻击，附加%d伤害。,1=38=0.9 2=5=5,20,50=1,16=1441,,,1441,resource/icon/skill/ShangAll.png,,,
1442,伤·列,对前列敌方将领造成%.1f%%基本攻击，附加%d伤害。,1=90=2.25 2=8=8,20,50=1,16=1442,,,1442,resource/icon/skill/ShangHeng.png,,,
1443,伤·列,对前列敌方将领造成%.1f%%基本攻击，附加%d伤害。,1=90=2.25 2=8=8,20,50=1,16=1443,,,1443,resource/icon/skill/ShangHeng.png,,,
1444,伤·全,对全体敌方将领造成%.1f%%基本攻击，附加%d伤害。,1=38=0.9 2=5=5,20,50=1,16=1444,,,1444,resource/icon/skill/ShangAll.png,,,
1445,伤·排,对前排敌方将领造成%.1f%%基本攻击，附加%d伤害。,1=85=2.05 2=8=8,20,50=1,16=1445,,,1445,resource/icon/skill/ShangShu.png,,,
1446,伤·排,对前排敌方将领造成%.1f%%基本攻击，附加%d伤害。,1=85=2.05 2=8=8,20,50=1,16=1446,,,1446,resource/icon/skill/ShangShu.png,,,
1447,伤·排,对前排敌方将领造成%.1f%%基本攻击，附加%d伤害。,1=85=2.05 2=8=8,20,50=1,16=1447,,,1447,resource/icon/skill/ShangShu.png,,,
1448,伤·排,对前排敌方将领造成%.1f%%基本攻击，附加%d伤害。,1=85=2.05 2=8=8,20,50=1,16=1448,,,1448,resource/icon/skill/ShangShu.png,,,
1449,伤·排,对前排敌方将领造成%.1f%%基本攻击，附加%d伤害。,1=85=2.05 2=8=8,20,50=1,16=1449,,,1449,resource/icon/skill/ShangShu.png,,,
1450,伤·排,对前排敌方将领造成%.1f%%基本攻击，附加%d伤害。,1=85=2.05 2=8=8,20,50=1,16=1450,,,1450,resource/icon/skill/ShangShu.png,,,
1451,伤·排,对前排敌方将领造成%.1f%%基本攻击，附加%d伤害。,1=85=2.05 2=8=8,20,50=1,16=1451,,,1451,resource/icon/skill/ShangShu.png,,,
1452,伤·列,对前列敌方将领造成%.1f%%基本攻击，附加%d伤害。,1=90=2.25 2=8=8,20,50=1,16=1452,,,1452,resource/icon/skill/ShangHeng.png,,,
1453,伤·列,对前列敌方将领造成%.1f%%基本攻击，附加%d伤害。,1=90=2.25 2=8=8,20,50=1,16=1453,,,1453,resource/icon/skill/ShangHeng.png,,,
1454,伤·列,对前列敌方将领造成%.1f%%基本攻击，附加%d伤害。,1=90=2.25 2=8=8,20,50=1,16=1454,,,1454,resource/icon/skill/ShangHeng.png,,,
1455,伤·全,对全体敌方将领造成%.1f%%基本攻击，附加%d伤害。,1=38=0.9 2=5=5,20,50=1,16=1455,,,1455,resource/icon/skill/ShangAll.png,,,
1456,伤·全,对全体敌方将领造成%.1f%%基本攻击，附加%d伤害。,1=38=0.9 2=5=5,20,50=1,16=1456,,,1456,resource/icon/skill/ShangAll.png,,,
1457,伤·全,对全体敌方将领造成%.1f%%基本攻击，附加%d伤害。,1=38=0.9 2=5=5,20,50=1,16=1457,,,1457,resource/icon/skill/ShangAll.png,,,
1458,伤·排,对前排敌方将领造成%.1f%%基本攻击，附加%d伤害。,1=85=2.05 2=8=8,20,50=1,16=1458,,,1458,resource/icon/skill/ShangShu.png,,,
1459,伤·排,对前排敌方将领造成%.1f%%基本攻击，附加%d伤害。,1=85=2.05 2=8=8,20,50=1,16=1459,,,1459,resource/icon/skill/ShangShu.png,,,
1460,伤·列,对前列敌方将领造成%.1f%%基本攻击，附加%d伤害。,1=90=2.25 2=8=8,20,50=1,16=1460,,,1460,resource/icon/skill/ShangHeng.png,,,
1461,伤·列,对前列敌方将领造成%.1f%%基本攻击，附加%d伤害。,1=90=2.25 2=8=8,20,50=1,16=1461,,,1461,resource/icon/skill/ShangHeng.png,,,
1462,伤·列,对前列敌方将领造成%.1f%%基本攻击，附加%d伤害。,1=90=2.25 2=8=8,20,50=1,16=1462,,,1462,resource/icon/skill/ShangHeng.png,,,
1463,伤·全,对全体敌方将领造成%.1f%%基本攻击，附加%d伤害。,1=38=0.9 2=5=5,20,50=1,16=1463,,,1463,resource/icon/skill/ShangAll.png,,,
1464,伤·全,对全体敌方将领造成%.1f%%基本攻击，附加%d伤害。,1=38=0.9 2=5=5,20,50=1,16=1464,,,1464,resource/icon/skill/ShangAll.png,,,
1465,伤·列,对前列敌方将领造成%.1f%%基本攻击，附加%d伤害。,1=90=2.25 2=8=8,20,50=1,16=1465,,,1465,resource/icon/skill/ShangHeng.png,,,
1466,伤·列,对前列敌方将领造成%.1f%%基本攻击，附加%d伤害。,1=90=2.25 2=8=8,20,50=1,16=1466,,,1466,resource/icon/skill/ShangHeng.png,,,
1467,伤·列,对前列敌方将领造成%.1f%%基本攻击，附加%d伤害。,1=90=2.25 2=8=8,20,50=1,16=1467,,,1467,resource/icon/skill/ShangHeng.png,,,
1468,伤·列,对前列敌方将领造成%.1f%%基本攻击，附加%d伤害。,1=90=2.25 2=8=8,20,50=1,16=1468,,,1468,resource/icon/skill/ShangHeng.png,,,
1469,伤·全,对全体敌方将领造成%.1f%%基本攻击，附加%d伤害。,1=38=0.9 2=5=5,20,50=1,16=1469,,,1469,resource/icon/skill/ShangAll.png,,,
1470,伤·列,对前列敌方将领造成%.1f%%基本攻击，附加%d伤害。,1=90=2.25 2=8=8,20,50=1,16=1470,,,1470,resource/icon/skill/ShangHeng.png,,,
1471,伤·列,对前列敌方将领造成%.1f%%基本攻击，附加%d伤害。,1=90=2.25 2=8=8,20,50=1,16=1471,,,1471,resource/icon/skill/ShangHeng.png,,,
1472,伤·列,对前列敌方将领造成%.1f%%基本攻击，附加%d伤害。,1=90=2.25 2=8=8,20,50=1,16=1472,,,1472,resource/icon/skill/ShangHeng.png,,,
1473,伤·排,对前排敌方将领造成%.1f%%基本攻击，附加%d伤害。,1=85=2.05 2=8=8,20,50=1,16=1473,,,1473,resource/icon/skill/ShangShu.png,,,
1474,伤·排,对前排敌方将领造成%.1f%%基本攻击，附加%d伤害。,1=85=2.05 2=8=8,20,50=1,16=1474,,,1474,resource/icon/skill/ShangShu.png,,,
1475,伤·全,对全体敌方将领造成%.1f%%基本攻击，附加%d伤害。,1=38=0.9 2=5=5,20,50=1,16=1475,,,1475,resource/icon/skill/ShangAll.png,,,
1476,伤·排,对前排敌方将领造成%.1f%%基本攻击，附加%d伤害。,1=85=2.05 2=8=8,20,50=1,16=1476,,,1476,resource/icon/skill/ShangShu.png,,,
1477,伤·全,对全体敌方将领造成%.1f%%基本攻击，附加%d伤害。,1=38=0.9 2=5=5,20,50=1,16=1477,,,1477,resource/icon/skill/ShangAll.png,,,
1478,伤·排,对前排敌方将领造成%.1f%%基本攻击，附加%d伤害。,1=85=2.05 2=8=8,20,50=1,16=1478,,,1478,resource/icon/skill/ShangShu.png,,,
1479,伤·排,对前排敌方将领造成%.1f%%基本攻击，附加%d伤害。,1=85=2.05 2=8=8,20,50=1,16=1479,,,1479,resource/icon/skill/ShangShu.png,,,
1480,伤·排,对前排敌方将领造成%.1f%%基本攻击，附加%d伤害。,1=85=2.05 2=8=8,20,50=1,16=1480,,,1480,resource/icon/skill/ShangShu.png,,,
1481,伤·列,对前列敌方将领造成%.1f%%基本攻击，附加%d伤害。,1=90=2.25 2=8=8,20,50=1,16=1481,,,1481,resource/icon/skill/ShangHeng.png,,,
1482,伤·排,对前排敌方将领造成%.1f%%基本攻击，附加%d伤害。,1=85=2.05 2=8=8,20,50=1,16=1482,,,1482,resource/icon/skill/ShangShu.png,,,
1483,伤·全,对全体敌方将领造成%.1f%%基本攻击，附加%d伤害。,1=38=0.9 2=5=5,20,50=1,16=1483,,,1483,resource/icon/skill/ShangAll.png,,,
1484,伤·排,对前排敌方将领造成%.1f%%基本攻击，附加%d伤害。,1=85=2.05 2=8=8,20,50=1,16=1484,,,1484,resource/icon/skill/ShangShu.png,,,
1485,伤·排,对前排敌方将领造成%.1f%%基本攻击，附加%d伤害。,1=85=2.05 2=8=8,20,50=1,16=1485,,,1485,resource/icon/skill/ShangShu.png,,,
1486,无尽怒火,对敌方前方武将造成每回合%.1f%%攻击的伤害，持续4回合。,1=23.2=0.56,20,50=1,16=1486,,,1486,resource/icon/skill/159.png,,,
1487,横扫八方,对敌方前排武将造成%.1f%%的伤害。,1=85=2.05,20,50=1,16=1487,,,1487,resource/icon/skill/160.png,,,
1488,初生牛犊,强化自身，提升自身生命%.1f%%。,1=8=0.8,20,1=1,3=8,3=0.8,,1488,resource/icon/skill/81.png,,306,
1489,持久战术,对敌方后2排武将造成%.1f%%的伤害，且降低对方命中200，持续3秒。,1=45=1.1,20,50=1,16=1489,,,1489,resource/icon/skill/33.png,,,
1490,直谏,回复己方生命低武将%.1f%%攻击的血量，且移除其所有负面状态。,1=68=1.65,20,50=1,16=1490,,,1490,resource/icon/skill/51.png,,,
1491,随势,当敌方受到群体范围状态时，自身机率获得该状态，技能等级越高成功率越高。,,20,29=1,33=32,33=3.2,,1491,resource/icon/skill/3.png,resource/ui_rc/battle/effect/skill_16.png,307,
,,,,,,,,,,,,,
1600,弩车,对前方一列造成%.1f%%的伤害。,1=98=2.4,20,50=1,16=1600,,,1600,resource/icon/skill/36.png,,,
1601,藤甲远程,对前方武将造成%.1f%%的伤害。,1=98=2.4,20,50=1,16=1601,,,1601,resource/icon/skill/36.png,,,
1602,屠夫远程,对前方武将造成%.1f%%的伤害。,1=98=2.4,20,50=1,16=1602,,,1602,resource/icon/skill/36.png,,,
1603,投石车,对后2排造成%.1f%%的伤害。,1=98=2.4,20,50=1,16=1603,,,1603,resource/icon/skill/36.png,,,
1604,酒鬼前排,前排伤害,,20,50=1,16=1604,,,1604,resource/icon/skill/36.png,,,
1605,酒鬼前两排,前2排伤害,,20,50=1,16=1605,,,1605,resource/icon/skill/36.png,,,
1606,老中医,单体治疗,,20,50=1,16=1606,,,1606,resource/icon/skill/36.png,,,
1607,老中医,群体治疗,,20,50=1,16=1607,,,1607,resource/icon/skill/36.png,,,
1608,流浪剑客,打敌方全体,,20,50=1,16=1608,,,1608,resource/icon/skill/36.png,,,
1609,流浪剑客,打一列,,20,50=1,16=1609,,,1609,resource/icon/skill/36.png,,,
1610,驯兽师,打后方单体,,20,50=1,16=1610,,,1610,resource/icon/skill/36.png,,,
1611,驯兽师,打全体,,20,50=1,16=1611,,,1611,resource/icon/skill/36.png,,,
1612,算命先生,前方单体2连击,,20,50=1,16=1612,,,1612,resource/icon/skill/36.png,,,
1613,算命先生,,,20,50=1,16=1613,,,1613,resource/icon/skill/36.png,,,
1614,算命先生,复活,,20,50=1,21=1614,,,1614,resource/icon/skill/36.png,,,
1615,恶霸,打前排,,20,50=1,16=1615,,,1615,resource/icon/skill/36.png,,,
1616,恶霸,打前方单体，附带流血,,20,50=1,16=1616,,,1616,resource/icon/skill/36.png,,,
